--
-- PostgreSQL database dump
--

SET search_path = public, pg_catalog;
SET client_encoding = 'LATIN9';

DROP TRIGGER "RI_ConstraintTrigger_11646935" ON public.lieferscheinentry;
DROP TRIGGER "RI_ConstraintTrigger_11646934" ON public.lieferschein;
DROP TRIGGER "RI_ConstraintTrigger_11646933" ON public.lieferschein;
DROP TRIGGER "RI_ConstraintTrigger_11646932" ON public.ku_gruppen_map;
DROP TRIGGER "RI_ConstraintTrigger_11646931" ON public.ku_gruppen_map;
DROP TRIGGER "RI_ConstraintTrigger_11646930" ON public.ausland_bankverbindung;
DROP TRIGGER "RI_ConstraintTrigger_11646929" ON public.prod_changejournal;
DROP TRIGGER "RI_ConstraintTrigger_11646928" ON public.auftragentry;
DROP TRIGGER "RI_ConstraintTrigger_11646927" ON public.auftragentry;
DROP TRIGGER "RI_ConstraintTrigger_11646926" ON public.buchjournal;
DROP TRIGGER "RI_ConstraintTrigger_11646925" ON public.buchjournal;
DROP TRIGGER "RI_ConstraintTrigger_11646924" ON public.buchung;
DROP TRIGGER "RI_ConstraintTrigger_11646923" ON public.kunden;
DROP TRIGGER "RI_ConstraintTrigger_11646922" ON public.kunden;
DROP TRIGGER "RI_ConstraintTrigger_11646921" ON public.prov_config;
DROP TRIGGER "RI_ConstraintTrigger_11646920" ON public.prov_entry;
DROP TRIGGER "RI_ConstraintTrigger_11646919" ON public.prov_abrechnung;
DROP TRIGGER "RI_ConstraintTrigger_11646918" ON public.prov_abrechnung;
DROP TRIGGER "RI_ConstraintTrigger_11646917" ON public.prov_verkaeufer;
DROP TRIGGER "RI_ConstraintTrigger_11646916" ON public.prov_verkaeufer;
DROP TRIGGER "RI_ConstraintTrigger_11646915" ON public.text_bausteine;
DROP TRIGGER "RI_ConstraintTrigger_11646911" ON public.ku_land;
DROP TRIGGER "RI_ConstraintTrigger_11646910" ON public.ku_land;
DROP TRIGGER "RI_ConstraintTrigger_11646909" ON public.lkz_sprache;
DROP TRIGGER "RI_ConstraintTrigger_11646904" ON public.prod_instanz;
DROP TRIGGER "RI_ConstraintTrigger_11646903" ON public.prod_instanz;
DROP TRIGGER "RI_ConstraintTrigger_11646902" ON public.prod_instanz;
DROP TRIGGER "RI_ConstraintTrigger_11646901" ON public.prod_instanz;
DROP TRIGGER "RI_ConstraintTrigger_11646900" ON public.rechnungentry;
DROP TRIGGER "RI_ConstraintTrigger_11646899" ON public.rechnungentry;
ALTER TABLE ONLY public.auftrag_label DROP CONSTRAINT auftrag_label_kurz_key;
ALTER TABLE ONLY public.auftrag_label DROP CONSTRAINT auftrag_label_bezeichnung_key;
ALTER TABLE ONLY public.auftrag_label DROP CONSTRAINT auftrag_label_pkey;
ALTER TABLE ONLY public.rechnung_zahlungsart DROP CONSTRAINT rechnung_zahlungsziel_pkey;
ALTER TABLE ONLY public.lieferscheinentry DROP CONSTRAINT lieferscheinentry_pkey;
ALTER TABLE ONLY public.lieferschein DROP CONSTRAINT lieferschein_pkey;
ALTER TABLE ONLY public.lager DROP CONSTRAINT lager_pkey;
ALTER TABLE ONLY public.prod_changejournal DROP CONSTRAINT prod_changejournal_pkey;
ALTER TABLE ONLY public.steuersatz DROP CONSTRAINT steuersatz_pkey;
ALTER TABLE ONLY public.mandant DROP CONSTRAINT mandant_pkey;
ALTER TABLE ONLY public.buchung DROP CONSTRAINT buchung_pkey;
ALTER TABLE ONLY public.buchjournal DROP CONSTRAINT buchjournal_pkey;
ALTER TABLE ONLY public.prov_config DROP CONSTRAINT prov_config_pkey;
ALTER TABLE ONLY public.prov_abrechnung DROP CONSTRAINT prov_abrechnung_pkey;
ALTER TABLE ONLY public.prov_verkaeufer DROP CONSTRAINT prov_verkaeufer_pkey;
ALTER TABLE ONLY public.kunden DROP CONSTRAINT kunden_pkey;
ALTER TABLE ONLY public.artikelgruppen DROP CONSTRAINT artikelgruppen_pkey;
ALTER TABLE ONLY public.ku_gruppe DROP CONSTRAINT ku_gruppe_pkey;
ALTER TABLE ONLY public.rechnung DROP CONSTRAINT new_rechnung_pkey;
ALTER TABLE ONLY public.sprache DROP CONSTRAINT sprache_pkey;
ALTER TABLE ONLY public.ku_land DROP CONSTRAINT ku_land_pkey;
ALTER TABLE ONLY public.ku_preisliste DROP CONSTRAINT ku_preisliste_pkey;
ALTER TABLE ONLY public.artbez_3_1 DROP CONSTRAINT artbez_3_1_pkey;
ALTER TABLE ONLY public.ku_telefon DROP CONSTRAINT ku_telefon_pkey;
ALTER TABLE ONLY public.banken DROP CONSTRAINT banken_pkey;
ALTER TABLE ONLY public.global_settings DROP CONSTRAINT global_settings_pkey;
ALTER TABLE ONLY public.prod_instanz DROP CONSTRAINT prod_instanz_pkey;
ALTER TABLE ONLY public.einheiten DROP CONSTRAINT einheiten_pkey;
ALTER TABLE ONLY public.artbez_insert DROP CONSTRAINT artbez_insert_pkey;
ALTER TABLE ONLY public.waehrung DROP CONSTRAINT waehrung_pkey;
ALTER TABLE ONLY public.artikelstamm DROP CONSTRAINT artikelstamm_pkey;
ALTER TABLE ONLY public.ku_briefanr DROP CONSTRAINT ku_briefanr_pkey;
ALTER TABLE ONLY public.artbez_anzeige DROP CONSTRAINT artbez_anzeige_pkey;
DROP INDEX public.ku_ansprech_kundennr_key;
DROP INDEX public.last_inventur_idx;
DROP INDEX public.artikelgruppen_defgrp;
DROP INDEX public.artikelpreise_uniq;
DROP INDEX public.auftragsentryzuordnung_altauftr;
DROP INDEX public.ae_zo_neu;
DROP INDEX public.ae_zo_alt;
DROP INDEX public.lieferscheinentry_artid;
DROP INDEX public.ku_gruppen_map_kundennr_key;
DROP INDEX public.prov_verkaeufer_uniq;
DROP INDEX public.prov_config_kundennr_idx;
DROP INDEX public.lager_bezeichnung_key;
DROP INDEX public.fw_lager_buchung_lfrsid;
DROP INDEX public.fw_lager_buchung_new_artid;
DROP INDEX public.telefon_uniq;
DROP INDEX public.buchung_uniq;
DROP INDEX public.auftragentry_aufidinst;
DROP INDEX public.auftragentry_pkey;
DROP INDEX public.auftragentry_artikelid;
DROP INDEX public.kontenrahmen_pkey;
DROP INDEX public.prov_entry_verknr;
DROP INDEX public.prov_entry_idx;
DROP INDEX public.youraufnr_idx;
DROP INDEX public.ueberweisungen_pkey;
DROP INDEX public.ueberweisungen_idx;
DROP INDEX public.lfrsentryzusatz_idx;
DROP INDEX public.kunden_uniq;
DROP INDEX public.kudnen_sort_idx;
DROP INDEX public.kudnen_firma_idx;
DROP INDEX public.text_bausteine_idx;
DROP INDEX public.ku_gruppe_name_key;
DROP INDEX public.preis_chjourn_artikel;
DROP INDEX public.ku_land_lkz;
DROP INDEX public.ku_land_name;
DROP INDEX public.ku_warenkorb_kundennr_key1;
DROP INDEX public.ku_warenkorb_kundennr_key;
DROP INDEX public.artbez_3_1_uniq;
DROP INDEX public.banken_bankindex_key;
DROP INDEX public.auftrag_speed;
DROP INDEX public.auftrag_pkey;
DROP INDEX public.auftrag_prozess_pkey;
DROP INDEX public.rechnungentry_pkey;
DROP INDEX public.artikelzusamm_key;
DROP TABLE public.ku_ansprech;
DROP TABLE public.auftrag_label;
DROP VIEW public.artikel_bestand;
DROP TABLE public.last_inventur;
DROP VIEW public.umsatz_auftrag;
DROP VIEW public.abverkauf_12m;
DROP FUNCTION public.artikelid (text);
DROP FUNCTION public.artikelbezeichnung_schema (integer, integer);
DROP FUNCTION public.artikelbezeichnung (integer);
DROP FUNCTION public.artikelbezeichnung (integer, integer, integer, integer);
DROP FUNCTION public.artikelbezeichnung (integer, integer, integer);
DROP TABLE public.rechnung_zahlungsart;
DROP VIEW public.last_preis_change;
DROP VIEW public.artikelpreise_ek;
DROP VIEW public.artikelpreise_ausland;
DROP VIEW public.artikelpreise_inland;
DROP TABLE public.artikelpreise;
DROP SEQUENCE public.w3statseq;
DROP TABLE public.auftragsentryzuordnung;
DROP TABLE public.lieferscheinentry;
DROP TABLE public.lieferschein;
DROP TABLE public.ku_gruppen_map;
DROP TABLE public.ausland_bankverbindung;
DROP VIEW public.artikel_bestand_muster;
DROP TABLE public.lager;
DROP TABLE public.muster_lager_buchung;
DROP TABLE public.fw_lager_buchung;
DROP VIEW public.ku_email_durchwahl;
DROP TABLE public.curr_mailing;
DROP TABLE public.extbezschema;
DROP VIEW public.artbez_0_1;
DROP SEQUENCE public.buchung_id_seq;
DROP AGGREGATE public.text_sum(text);
DROP TABLE public.prod_changejournal;
DROP TABLE public.auftragentry;
DROP SEQUENCE public.buchung_belegnr;
DROP TABLE public.kontenrahmen;
DROP TABLE public.steuersatz;
DROP TABLE public.mandant;
DROP SEQUENCE public.buchung_nr_seq;
DROP TABLE public.buchung;
DROP SEQUENCE public.buchjournal_nr_seq;
DROP TABLE public.buchjournal;
DROP TABLE public.prov_config;
DROP TABLE public.prov_entry;
DROP TABLE public.prov_abrechnung;
DROP TABLE public.prov_verkaeufer;
DROP SEQUENCE public.ueberweisung_seq;
DROP TABLE public.ueberweisungen;
DROP TABLE public.lieferscheinentryzusatz;
DROP TABLE public.kunden;
DROP TABLE public.text_bausteine;
DROP SEQUENCE public.zeilennr_seq;
DROP TABLE public.capability;
DROP TABLE public.artikelgruppen;
DROP TABLE public.ku_gruppe;
DROP VIEW public.kunden_telfax_liste;
DROP TABLE public.preis_change_journal;
DROP TABLE public.rechnung;
DROP TABLE public.lkz_sprache;
DROP TABLE public.sprache;
DROP SEQUENCE public."LKZ_Sprache_ID_seq";
DROP TABLE public.ku_land;
DROP TABLE public.ku_preisliste;
DROP SEQUENCE public.prod_changejournal_chid_seq;
DROP TABLE public.ku_warenkorb;
DROP TABLE public.personal;
DROP TABLE public.artbez_3_1;
DROP TABLE public.ku_telefon;
DROP SEQUENCE public.kunden_telefon_telid_seq;
DROP TABLE public.banken;
DROP FUNCTION public.kw2date (integer);
DROP TABLE public.auftrag_prozess;
DROP TABLE public.global_settings;
DROP TABLE public.prod_instanz;
DROP TABLE public.einheiten;
DROP TABLE public.auftrag;
DROP SEQUENCE public.kunden_personen_persnr_seq;
DROP TABLE public.rechnungentry;
DROP TABLE public.artbez_insert;
DROP TABLE public.waehrung;
DROP SEQUENCE public.artikelbezeichnun_artikelid_seq;
DROP TABLE public.artikelstamm;
DROP TABLE public.artikelzusammensetzung;
DROP SEQUENCE public.banken_bankindex_seq;
DROP TABLE public.ku_briefanr;
DROP SEQUENCE public.kunden_seq;
DROP TABLE public.artbez_anzeige;
DROP TABLE public.artbez_warengruppe;
DROP PROCEDURAL LANGUAGE plpgsql;
DROP FUNCTION public.plpgsql_call_handler ();
--
-- TOC entry 245 (OID 10481116)
-- Name: plpgsql_call_handler (); Type: FUNCTION; Schema: public; Owner: jacek
--

CREATE FUNCTION plpgsql_call_handler () RETURNS language_handler
    AS '$libdir/plpgsql', 'plpgsql_call_handler'
    LANGUAGE c;


--
-- TOC entry 244 (OID 10481117)
-- Name: plpgsql; Type: PROCEDURAL LANGUAGE; Schema: public; Owner: 
--

CREATE TRUSTED PROCEDURAL LANGUAGE plpgsql HANDLER plpgsql_call_handler;


--
-- TOC entry 39 (OID 10481148)
-- Name: artbez_warengruppe; Type: TABLE; Schema: public; Owner: jacek
--

CREATE TABLE artbez_warengruppe (
    id smallint,
    text character varying(40),
    lagerartikel boolean,
    mit_ean boolean,
    null_preis_check boolean,
    mit_bezeichnung boolean,
    bez_as_view boolean,
    color_same_price boolean,
    provision boolean
);


--
-- TOC entry 40 (OID 10481148)
-- Name: artbez_warengruppe; Type: ACL; Schema: public; Owner: jacek
--

REVOKE ALL ON TABLE artbez_warengruppe FROM PUBLIC;


--
-- TOC entry 41 (OID 10481150)
-- Name: artbez_anzeige; Type: TABLE; Schema: public; Owner: jacek
--

CREATE TABLE artbez_anzeige (
    uid smallint NOT NULL,
    artikeltyp smallint NOT NULL,
    "schema" integer NOT NULL,
    anzeige_pos integer,
    anzeige_neg integer,
    auswahl smallint,
    autocomplete boolean,
    kombiniert boolean
);


--
-- TOC entry 42 (OID 10481150)
-- Name: artbez_anzeige; Type: ACL; Schema: public; Owner: jacek
--

REVOKE ALL ON TABLE artbez_anzeige FROM PUBLIC;


--
-- TOC entry 2 (OID 10481152)
-- Name: kunden_seq; Type: SEQUENCE; Schema: public; Owner: jacek
--

CREATE SEQUENCE kunden_seq
    START 1
    INCREMENT 1
    MAXVALUE 2147483647
    MINVALUE 1
    CACHE 1;


--
-- TOC entry 4 (OID 10481152)
-- Name: kunden_seq; Type: ACL; Schema: public; Owner: jacek
--

REVOKE ALL ON TABLE kunden_seq FROM PUBLIC;


--
-- TOC entry 43 (OID 10481178)
-- Name: ku_briefanr; Type: TABLE; Schema: public; Owner: jacek
--

CREATE TABLE ku_briefanr (
    branr numeric(1,0) NOT NULL,
    briefanrede character varying(40) NOT NULL,
    anrede character varying(20),
    textid numeric(3,0),
    textid_anrede numeric(3,0)
);


--
-- TOC entry 44 (OID 10481178)
-- Name: ku_briefanr; Type: ACL; Schema: public; Owner: jacek
--

REVOKE ALL ON TABLE ku_briefanr FROM PUBLIC;


--
-- TOC entry 5 (OID 10481180)
-- Name: banken_bankindex_seq; Type: SEQUENCE; Schema: public; Owner: jacek
--

CREATE SEQUENCE banken_bankindex_seq
    START 1
    INCREMENT 1
    MAXVALUE 2147483647
    MINVALUE 1
    CACHE 1;


--
-- TOC entry 7 (OID 10481180)
-- Name: banken_bankindex_seq; Type: ACL; Schema: public; Owner: jacek
--

REVOKE ALL ON TABLE banken_bankindex_seq FROM PUBLIC;


--
-- TOC entry 45 (OID 10481190)
-- Name: artikelzusammensetzung; Type: TABLE; Schema: public; Owner: jacek
--

CREATE TABLE artikelzusammensetzung (
    id integer NOT NULL,
    prozessid numeric(2,0) NOT NULL,
    altartikelid integer NOT NULL,
    menge numeric(9,5),
    stand timestamp(0) with time zone DEFAULT now() NOT NULL,
    uid integer
);


--
-- TOC entry 46 (OID 10481190)
-- Name: artikelzusammensetzung; Type: ACL; Schema: public; Owner: jacek
--

REVOKE ALL ON TABLE artikelzusammensetzung FROM PUBLIC;
GRANT SELECT ON TABLE artikelzusammensetzung TO PUBLIC;


--
-- TOC entry 47 (OID 10481198)
-- Name: artikelstamm; Type: TABLE; Schema: public; Owner: jacek
--

CREATE TABLE artikelstamm (
    id integer DEFAULT nextval('artikelbezeichnun_artikelid_seq'::text) NOT NULL,
    warengruppe smallint NOT NULL,
    stand timestamp(0) with time zone DEFAULT now(),
    bestellen_bei integer,
    defaultschema integer DEFAULT 1,
    internwarengruppe smallint,
    einheit integer,
    uid integer,
    aktiv boolean DEFAULT true,
    auslauf boolean,
    wertabschlag numeric(4,2),
    mindbestand numeric(5,0),
    CONSTRAINT "$1" CHECK ((aktiv IS NOT NULL))
);


--
-- TOC entry 48 (OID 10481198)
-- Name: artikelstamm; Type: ACL; Schema: public; Owner: jacek
--

REVOKE ALL ON TABLE artikelstamm FROM PUBLIC;
GRANT SELECT ON TABLE artikelstamm TO PUBLIC;


--
-- TOC entry 8 (OID 10481205)
-- Name: artikelbezeichnun_artikelid_seq; Type: SEQUENCE; Schema: public; Owner: jacek
--

CREATE SEQUENCE artikelbezeichnun_artikelid_seq
    START 1
    INCREMENT 1
    MAXVALUE 2147483647
    MINVALUE 1
    CACHE 1;


--
-- TOC entry 10 (OID 10481205)
-- Name: artikelbezeichnun_artikelid_seq; Type: ACL; Schema: public; Owner: jacek
--

REVOKE ALL ON TABLE artikelbezeichnun_artikelid_seq FROM PUBLIC;


--
-- TOC entry 49 (OID 10481207)
-- Name: waehrung; Type: TABLE; Schema: public; Owner: jacek
--

CREATE TABLE waehrung (
    wid numeric(2,0) NOT NULL,
    kurz character varying(5) NOT NULL,
    lang character varying(30),
    dmfkt numeric(12,5) NOT NULL,
    eufkt numeric(12,5),
    tex text,
    fkt numeric(12,5)
);


--
-- TOC entry 50 (OID 10481207)
-- Name: waehrung; Type: ACL; Schema: public; Owner: jacek
--

REVOKE ALL ON TABLE waehrung FROM PUBLIC;
GRANT SELECT ON TABLE waehrung TO PUBLIC;


--
-- TOC entry 51 (OID 10481212)
-- Name: artbez_insert; Type: TABLE; Schema: public; Owner: jacek
--

CREATE TABLE artbez_insert (
    tabelle text NOT NULL
);


--
-- TOC entry 52 (OID 10481212)
-- Name: artbez_insert; Type: ACL; Schema: public; Owner: jacek
--

REVOKE ALL ON TABLE artbez_insert FROM PUBLIC;
GRANT SELECT ON TABLE artbez_insert TO PUBLIC;


--
-- TOC entry 53 (OID 10481226)
-- Name: rechnungentry; Type: TABLE; Schema: public; Owner: jacek
--

CREATE TABLE rechnungentry (
    rngid numeric(6,0) NOT NULL,
    zeilennr numeric(3,0) NOT NULL,
    artikelid integer,
    lfrsid numeric(6,0),
    lfrszeile numeric(3,0),
    menge numeric(8,2),
    preis numeric(7,3) NOT NULL,
    rabatt numeric(4,2),
    preismenge integer NOT NULL,
    stueck numeric(6,0) DEFAULT 1 NOT NULL,
    provsatz numeric(4,2),
    ek_preis numeric(7,3),
    abgerechnet_in integer
);


--
-- TOC entry 54 (OID 10481226)
-- Name: rechnungentry; Type: ACL; Schema: public; Owner: jacek
--

REVOKE ALL ON TABLE rechnungentry FROM PUBLIC;


--
-- TOC entry 11 (OID 10481229)
-- Name: kunden_personen_persnr_seq; Type: SEQUENCE; Schema: public; Owner: jacek
--

CREATE SEQUENCE kunden_personen_persnr_seq
    START 1
    INCREMENT 1
    MAXVALUE 2147483647
    MINVALUE 1
    CACHE 1;


--
-- TOC entry 13 (OID 10481229)
-- Name: kunden_personen_persnr_seq; Type: ACL; Schema: public; Owner: jacek
--

REVOKE ALL ON TABLE kunden_personen_persnr_seq FROM PUBLIC;


--
-- TOC entry 55 (OID 10481240)
-- Name: auftrag; Type: TABLE; Schema: public; Owner: jacek
--

CREATE TABLE auftrag (
    auftragid numeric(6,0) NOT NULL,
    kundennr numeric(5,0) NOT NULL,
    datum timestamp(0) with time zone DEFAULT now() NOT NULL,
    youraufnr character varying(20),
    bemerkung text,
    dispoid numeric(7,0),
    jahrgang numeric(4,0) DEFAULT 2002 NOT NULL,
    stat smallint DEFAULT 0,
    waehrung numeric(2,0),
    instanz integer DEFAULT 1,
    zahlungsziel date,
    rabatt numeric(4,2),
    zahlart integer,
    notiz text,
    verknr numeric(5,0),
    export_am date,
    uid integer,
    label integer
);


--
-- TOC entry 56 (OID 10481240)
-- Name: auftrag; Type: ACL; Schema: public; Owner: jacek
--

REVOKE ALL ON TABLE auftrag FROM PUBLIC;


--
-- TOC entry 57 (OID 10481251)
-- Name: einheiten; Type: TABLE; Schema: public; Owner: jacek
--

CREATE TABLE einheiten (
    id integer NOT NULL,
    bez_menge text,
    tex_menge text,
    bez_anzahl text,
    tex_anzahl text,
    waehrung integer
);


--
-- TOC entry 58 (OID 10481251)
-- Name: einheiten; Type: ACL; Schema: public; Owner: jacek
--

REVOKE ALL ON TABLE einheiten FROM PUBLIC;
GRANT SELECT ON TABLE einheiten TO PUBLIC;


--
-- TOC entry 59 (OID 10481268)
-- Name: prod_instanz; Type: TABLE; Schema: public; Owner: jacek
--

CREATE TABLE prod_instanz (
    insid numeric(2,0) NOT NULL,
    name character varying(20) NOT NULL,
    lager_fuer integer,
    sortierung integer,
    lieferschein boolean,
    lagername text,
    produziert_selbst boolean,
    prod_dauer_tage integer,
    einlagern_in integer,
    automatisch_einlagern boolean,
    typ character(1),
    externe_bestellung boolean,
    geplant_von integer,
    overview text,
    alt_group_nr integer
);


--
-- TOC entry 60 (OID 10481268)
-- Name: prod_instanz; Type: ACL; Schema: public; Owner: jacek
--

REVOKE ALL ON TABLE prod_instanz FROM PUBLIC;


--
-- TOC entry 61 (OID 10481273)
-- Name: global_settings; Type: TABLE; Schema: public; Owner: jacek
--

CREATE TABLE global_settings (
    userid integer NOT NULL,
    program text NOT NULL,
    name text NOT NULL,
    wert text
);


--
-- TOC entry 62 (OID 10481273)
-- Name: global_settings; Type: ACL; Schema: public; Owner: jacek
--

REVOKE ALL ON TABLE global_settings FROM PUBLIC;
GRANT SELECT ON TABLE global_settings TO PUBLIC;


--
-- TOC entry 63 (OID 10481278)
-- Name: auftrag_prozess; Type: TABLE; Schema: public; Owner: jacek
--

CREATE TABLE auftrag_prozess (
    auftragid numeric(6,0) NOT NULL,
    zeilennr numeric(3,0) NOT NULL,
    prozessid numeric(2,0) NOT NULL,
    datum timestamp(0) with time zone DEFAULT now() NOT NULL,
    instanz integer DEFAULT 1,
    letzteplaninstanz integer,
    maxplaninstanz integer
);


--
-- TOC entry 64 (OID 10481278)
-- Name: auftrag_prozess; Type: ACL; Schema: public; Owner: jacek
--

REVOKE ALL ON TABLE auftrag_prozess FROM PUBLIC;


--
-- TOC entry 246 (OID 10481282)
-- Name: kw2date (integer); Type: FUNCTION; Schema: public; Owner: jacek
--

CREATE FUNCTION kw2date (integer) RETURNS text
    AS '/usr/lib/postgresql/lib/kw2date.so', 'kw2date'
    LANGUAGE c IMMUTABLE;


--
-- TOC entry 65 (OID 10481297)
-- Name: banken; Type: TABLE; Schema: public; Owner: jacek
--

CREATE TABLE banken (
    bankindex integer DEFAULT nextval('"banken_bankindex_seq"'::text) NOT NULL,
    blz numeric(8,0) NOT NULL,
    name text NOT NULL
);


--
-- TOC entry 66 (OID 10481297)
-- Name: banken; Type: ACL; Schema: public; Owner: jacek
--

REVOKE ALL ON TABLE banken FROM PUBLIC;


--
-- TOC entry 14 (OID 10481305)
-- Name: kunden_telefon_telid_seq; Type: SEQUENCE; Schema: public; Owner: jacek
--

CREATE SEQUENCE kunden_telefon_telid_seq
    START 1
    INCREMENT 1
    MAXVALUE 2147483647
    MINVALUE 1
    CACHE 1;


--
-- TOC entry 16 (OID 10481305)
-- Name: kunden_telefon_telid_seq; Type: ACL; Schema: public; Owner: jacek
--

REVOKE ALL ON TABLE kunden_telefon_telid_seq FROM PUBLIC;


--
-- TOC entry 67 (OID 10481312)
-- Name: ku_telefon; Type: TABLE; Schema: public; Owner: jacek
--

CREATE TABLE ku_telefon (
    telid numeric(5,0) NOT NULL,
    art character varying(1) NOT NULL,
    ldkenn numeric(4,0) DEFAULT 49 NOT NULL,
    vorwahl numeric(6,0),
    telnr numeric(8,0),
    durchwahl numeric(5,0),
    kundennr numeric(5,0),
    persnr numeric(5,0),
    text text,
    CONSTRAINT ku_telefon_nummern CHECK (((kundennr IS NOT NULL) OR (persnr IS NOT NULL)))
);


--
-- TOC entry 68 (OID 10481312)
-- Name: ku_telefon; Type: ACL; Schema: public; Owner: jacek
--

REVOKE ALL ON TABLE ku_telefon FROM PUBLIC;


--
-- TOC entry 69 (OID 10481319)
-- Name: artbez_3_1; Type: TABLE; Schema: public; Owner: jacek
--

CREATE TABLE artbez_3_1 (
    id integer DEFAULT nextval('artikelbezeichnun_artikelid_seq'::text) NOT NULL,
    artikel character varying(5),
    breite character varying(7),
    farbe character varying(3),
    aufmachung character varying(20),
    stand timestamp(0) with time zone DEFAULT now(),
    ean character varying(13),
    bezeichnung character varying(20),
    draht boolean
);


--
-- TOC entry 70 (OID 10481319)
-- Name: artbez_3_1; Type: ACL; Schema: public; Owner: jacek
--

REVOKE ALL ON TABLE artbez_3_1 FROM PUBLIC;
GRANT SELECT ON TABLE artbez_3_1 TO PUBLIC;


--
-- TOC entry 71 (OID 10481328)
-- Name: personal; Type: TABLE; Schema: public; Owner: jacek
--

CREATE TABLE personal (
    pid numeric(3,0),
    name text,
    vorname text,
    kurz character(5)
);


--
-- TOC entry 72 (OID 10481328)
-- Name: personal; Type: ACL; Schema: public; Owner: jacek
--

REVOKE ALL ON TABLE personal FROM PUBLIC;


--
-- TOC entry 73 (OID 10481335)
-- Name: ku_warenkorb; Type: TABLE; Schema: public; Owner: jacek
--

CREATE TABLE ku_warenkorb (
    prlsnr numeric(5,0) NOT NULL,
    kundennr numeric(5,0) NOT NULL,
    suchfolge integer NOT NULL
);


--
-- TOC entry 74 (OID 10481335)
-- Name: ku_warenkorb; Type: ACL; Schema: public; Owner: jacek
--

REVOKE ALL ON TABLE ku_warenkorb FROM PUBLIC;


--
-- TOC entry 17 (OID 10481353)
-- Name: prod_changejournal_chid_seq; Type: SEQUENCE; Schema: public; Owner: jacek
--

CREATE SEQUENCE prod_changejournal_chid_seq
    START 1
    INCREMENT 1
    MAXVALUE 9223372036854775807
    MINVALUE 1
    CACHE 1;


--
-- TOC entry 19 (OID 10481353)
-- Name: prod_changejournal_chid_seq; Type: ACL; Schema: public; Owner: jacek
--

REVOKE ALL ON TABLE prod_changejournal_chid_seq FROM PUBLIC;


--
-- TOC entry 75 (OID 10481360)
-- Name: ku_preisliste; Type: TABLE; Schema: public; Owner: jacek
--

CREATE TABLE ku_preisliste (
    prlsnr numeric(5,0) NOT NULL,
    notiz text,
    waehrungid numeric(2,0) NOT NULL,
    bruttosatz_old numeric(4,2),
    bruttosatz numeric(5,2),
    art character(1),
    tablename_gruppe text
);


--
-- TOC entry 76 (OID 10481360)
-- Name: ku_preisliste; Type: ACL; Schema: public; Owner: jacek
--

REVOKE ALL ON TABLE ku_preisliste FROM PUBLIC;


--
-- TOC entry 77 (OID 10481365)
-- Name: ku_land; Type: TABLE; Schema: public; Owner: jacek
--

CREATE TABLE ku_land (
    id integer NOT NULL,
    name text NOT NULL,
    lkz character varying(5),
    eu_member boolean,
    w3stat_nr character(3),
    w3stat_code character(2)
);


--
-- TOC entry 78 (OID 10481365)
-- Name: ku_land; Type: ACL; Schema: public; Owner: jacek
--

REVOKE ALL ON TABLE ku_land FROM PUBLIC;


--
-- TOC entry 20 (OID 10481370)
-- Name: LKZ_Sprache_ID_seq; Type: SEQUENCE; Schema: public; Owner: jacek
--

CREATE SEQUENCE "LKZ_Sprache_ID_seq"
    START 1
    INCREMENT 1
    MAXVALUE 9223372036854775807
    MINVALUE 1
    CACHE 1;


--
-- TOC entry 79 (OID 10481372)
-- Name: sprache; Type: TABLE; Schema: public; Owner: jacek
--

CREATE TABLE sprache (
    sprid numeric(1,0) NOT NULL,
    sprache text
);


--
-- TOC entry 80 (OID 10481372)
-- Name: sprache; Type: ACL; Schema: public; Owner: jacek
--

REVOKE ALL ON TABLE sprache FROM PUBLIC;


--
-- TOC entry 81 (OID 10481377)
-- Name: lkz_sprache; Type: TABLE; Schema: public; Owner: jacek
--

CREATE TABLE lkz_sprache (
    sprid numeric(1,0),
    lkz character varying(3)
);


--
-- TOC entry 82 (OID 10481377)
-- Name: lkz_sprache; Type: ACL; Schema: public; Owner: jacek
--

REVOKE ALL ON TABLE lkz_sprache FROM PUBLIC;


--
-- TOC entry 83 (OID 10481479)
-- Name: rechnung; Type: TABLE; Schema: public; Owner: jacek
--

CREATE TABLE rechnung (
    rngid numeric(6,0) NOT NULL,
    kundennr numeric(5,0) NOT NULL,
    datum timestamp(0) with time zone DEFAULT now() NOT NULL,
    bezahlt boolean DEFAULT false NOT NULL,
    zahlart numeric(2,0) NOT NULL,
    zahlziel date,
    rngart character(1) DEFAULT 'R' NOT NULL,
    freitext text,
    waehrung numeric(2,0) DEFAULT 1,
    rabatt numeric(4,2),
    einzug_refnr numeric(30,6),
    entsorgung boolean,
    gedruckt boolean,
    notiz text,
    verknr numeric(5,0),
    kurs numeric(12,5),
    export_am date,
    betrag numeric(10,2),
    steuersatz numeric(3,1),
    skontosatz numeric(3,1),
    an_fibu_am date,
    fibu_buchid integer
);


--
-- TOC entry 84 (OID 10481479)
-- Name: rechnung; Type: ACL; Schema: public; Owner: jacek
--

REVOKE ALL ON TABLE rechnung FROM PUBLIC;


--
-- TOC entry 85 (OID 10481498)
-- Name: preis_change_journal; Type: TABLE; Schema: public; Owner: jacek
--

CREATE TABLE preis_change_journal (
    artikelid integer NOT NULL,
    prlsnr numeric(5,0) NOT NULL,
    zeitpunkt timestamp with time zone DEFAULT now() NOT NULL,
    preis_alt numeric(7,3),
    preis_neu numeric(7,3) NOT NULL,
    uid integer NOT NULL,
    mindestmenge numeric(4,0)
);


--
-- TOC entry 86 (OID 10481498)
-- Name: preis_change_journal; Type: ACL; Schema: public; Owner: jacek
--

REVOKE ALL ON TABLE preis_change_journal FROM PUBLIC;


--
-- TOC entry 87 (OID 10481503)
-- Name: kunden_telfax_liste; Type: VIEW; Schema: public; Owner: jacek
--

CREATE VIEW kunden_telfax_liste AS
    SELECT t1.kundennr, t1.vorwahl, t1.telnr, t2.telnr AS faxnr FROM ku_telefon t1, ku_telefon t2 WHERE ((((((t1.kundennr = t2.kundennr) AND (t1.persnr IS NULL)) AND (t2.persnr IS NULL)) AND (t1.telnr <> t2.telnr)) AND (t1.art = 'T'::character varying)) AND (t2.art = 'F'::character varying));


--
-- TOC entry 88 (OID 10481503)
-- Name: kunden_telfax_liste; Type: ACL; Schema: public; Owner: jacek
--

REVOKE ALL ON TABLE kunden_telfax_liste FROM PUBLIC;


--
-- TOC entry 89 (OID 10481536)
-- Name: ku_gruppe; Type: TABLE; Schema: public; Owner: jacek
--

CREATE TABLE ku_gruppe (
    grpnr numeric(4,0) NOT NULL,
    name text NOT NULL,
    obergruppe text,
    kommentar text
);


--
-- TOC entry 90 (OID 10481536)
-- Name: ku_gruppe; Type: ACL; Schema: public; Owner: jacek
--

REVOKE ALL ON TABLE ku_gruppe FROM PUBLIC;


--
-- TOC entry 91 (OID 10481541)
-- Name: artikelgruppen; Type: TABLE; Schema: public; Owner: jacek
--

CREATE TABLE artikelgruppen (
    bezeichnung text NOT NULL,
    "schema" integer NOT NULL,
    warengruppe integer NOT NULL,
    bestellen_bei integer NOT NULL,
    einheit integer NOT NULL,
    defaultgrp boolean
);


--
-- TOC entry 92 (OID 10481541)
-- Name: artikelgruppen; Type: ACL; Schema: public; Owner: jacek
--

REVOKE ALL ON TABLE artikelgruppen FROM PUBLIC;


--
-- TOC entry 93 (OID 10481548)
-- Name: capability; Type: TABLE; Schema: public; Owner: jacek
--

CREATE TABLE capability (
    benutzer text,
    gruppe text,
    tabelle text,
    spalte text,
    aktion character(1)
);


--
-- TOC entry 94 (OID 10481548)
-- Name: capability; Type: ACL; Schema: public; Owner: jacek
--

REVOKE ALL ON TABLE capability FROM PUBLIC;


--
-- TOC entry 22 (OID 10481579)
-- Name: zeilennr_seq; Type: SEQUENCE; Schema: public; Owner: jacek
--

CREATE SEQUENCE zeilennr_seq
    START 1
    INCREMENT 1
    MAXVALUE 9223372036854775807
    MINVALUE 1
    CACHE 1;


--
-- TOC entry 95 (OID 10481581)
-- Name: text_bausteine; Type: TABLE; Schema: public; Owner: jacek
--

CREATE TABLE text_bausteine (
    textid numeric(3,0) NOT NULL,
    sprid numeric(1,0) NOT NULL,
    text_lang text,
    kommentar text
);


--
-- TOC entry 96 (OID 10481581)
-- Name: text_bausteine; Type: ACL; Schema: public; Owner: jacek
--

REVOKE ALL ON TABLE text_bausteine FROM PUBLIC;


--
-- TOC entry 97 (OID 10481612)
-- Name: kunden; Type: TABLE; Schema: public; Owner: jacek
--

CREATE TABLE kunden (
    kundennr numeric(5,0) NOT NULL,
    sortname character varying(30),
    idnr character varying(20),
    firma character varying(60) NOT NULL,
    postanwvor character varying(40),
    strasse character varying(35),
    postanwnach character varying(40),
    hsnr character varying(7),
    plz character varying(10),
    postfach character varying(20),
    postfplz character varying(10),
    ort character varying(30),
    planumsatz numeric(8,0),
    umsatz numeric(10,2),
    mitarbeiter numeric(5,0),
    kundenumsatz numeric(10,2),
    stand timestamp(0) with time zone,
    flaeche numeric(5,0),
    kalkulation numeric(3,0),
    ktonr numeric(10,0),
    blz numeric(10,0),
    preisliste numeric(5,0),
    rabatt numeric(3,1) DEFAULT 0,
    notiz text,
    rechnung_an numeric(5,0),
    bankeinzug boolean DEFAULT false,
    rng_an_postfach boolean DEFAULT false,
    extbezschemaid numeric(5,0),
    extartbezid numeric(5,0),
    lieferadresse boolean DEFAULT false,
    rechnungsadresse boolean DEFAULT false,
    typ character varying(4) DEFAULT 'RL',
    verein character varying(30),
    skontofrist numeric(3,0),
    bankindex integer,
    entsorgung boolean DEFAULT false,
    waehrungid numeric(2,0),
    einzugrabatt numeric(3,1),
    lkz character varying(3),
    skontosatz numeric(3,2),
    verknr_old numeric(3,0),
    gruppennr numeric(5,0) DEFAULT 0,
    zeilenrabatt boolean,
    buchungskonto integer,
    unsere_kundennr text,
    lieferantenkonto integer,
    gegenkonto integer,
    ku_verkaeufer numeric(3,0),
    sonder_pliste integer[],
    landid integer,
    betreuer numeric(5,0),
    anz_firmenpapier integer,
    anz_weissespapier integer,
    zahlungsart numeric(3,0),
    lieferung_frei_haus boolean,
    aktiv boolean DEFAULT true,
    preisauto boolean DEFAULT true,
    showean boolean,
    auf_notiz text,
    lief_notiz text,
    rng_notiz text,
    debitorenkonto integer,
    name2 text,
    gebdatum date,
    branr integer,
    lieferung_an numeric(5,0),
    ab_an_rngadresse boolean DEFAULT false,
    verknr numeric(5,0),
    mwst boolean,
    CONSTRAINT "$1" CHECK ((aktiv IS NOT NULL)),
    CONSTRAINT kunden_preisauto CHECK ((preisauto IS NOT NULL))
);


--
-- TOC entry 98 (OID 10481612)
-- Name: kunden; Type: ACL; Schema: public; Owner: jacek
--

REVOKE ALL ON TABLE kunden FROM PUBLIC;


--
-- TOC entry 99 (OID 10481654)
-- Name: lieferscheinentryzusatz; Type: TABLE; Schema: public; Owner: jacek
--

CREATE TABLE lieferscheinentryzusatz (
    instanz integer NOT NULL,
    lfrsid integer NOT NULL,
    lfsznr integer NOT NULL,
    auftragid integer,
    auftragznr integer,
    menge integer NOT NULL
);


--
-- TOC entry 100 (OID 10481654)
-- Name: lieferscheinentryzusatz; Type: ACL; Schema: public; Owner: jacek
--

REVOKE ALL ON TABLE lieferscheinentryzusatz FROM PUBLIC;


--
-- TOC entry 101 (OID 10481659)
-- Name: ueberweisungen; Type: TABLE; Schema: public; Owner: jacek
--

CREATE TABLE ueberweisungen (
    faellig date,
    eigenes_konto numeric(10,0) NOT NULL,
    eigene_blz numeric(8,0) NOT NULL,
    dest_konto numeric(10,0) NOT NULL,
    dest_blz numeric(8,0) NOT NULL,
    betrag numeric(8,2) NOT NULL,
    rechnungsbetrag numeric(8,2),
    auftraggeber character varying(27) NOT NULL,
    empfaenger character varying(27) NOT NULL,
    verwendungszweck0 character varying(27) NOT NULL,
    verwendungszweck1 character varying(27),
    verwendungszweck2 character varying(27),
    verwendungszweck3 character varying(27),
    buchungskonto integer,
    eingegeben_am timestamp with time zone NOT NULL,
    eingegebendurch integer NOT NULL,
    erfolgt_am timestamp with time zone,
    erfolgtdurch integer,
    kundennr integer,
    belegdatum date,
    belegnr integer,
    buchungsjournal integer,
    id integer NOT NULL,
    disk_refnr numeric(30,0)
);


--
-- TOC entry 102 (OID 10481659)
-- Name: ueberweisungen; Type: ACL; Schema: public; Owner: jacek
--

REVOKE ALL ON TABLE ueberweisungen FROM PUBLIC;


--
-- TOC entry 24 (OID 10481661)
-- Name: ueberweisung_seq; Type: SEQUENCE; Schema: public; Owner: jacek
--

CREATE SEQUENCE ueberweisung_seq
    START 1
    INCREMENT 1
    MAXVALUE 9223372036854775807
    MINVALUE 1
    CACHE 1;


--
-- TOC entry 26 (OID 10481661)
-- Name: ueberweisung_seq; Type: ACL; Schema: public; Owner: jacek
--

REVOKE ALL ON TABLE ueberweisung_seq FROM PUBLIC;


--
-- TOC entry 103 (OID 10481668)
-- Name: prov_verkaeufer; Type: TABLE; Schema: public; Owner: jacek
--

CREATE TABLE prov_verkaeufer (
    verknr numeric(5,0) NOT NULL,
    kundennr numeric(5,0) NOT NULL,
    provsatz1 numeric(4,2),
    provsatz2 numeric(4,2)
);


--
-- TOC entry 104 (OID 10481668)
-- Name: prov_verkaeufer; Type: ACL; Schema: public; Owner: jacek
--

REVOKE ALL ON TABLE prov_verkaeufer FROM PUBLIC;


--
-- TOC entry 105 (OID 10481677)
-- Name: prov_abrechnung; Type: TABLE; Schema: public; Owner: jacek
--

CREATE TABLE prov_abrechnung (
    provnr integer NOT NULL,
    verknr numeric(5,0) NOT NULL,
    datum date NOT NULL,
    bis date NOT NULL,
    notiz text,
    vom date NOT NULL,
    ueberwid integer
);


--
-- TOC entry 106 (OID 10481677)
-- Name: prov_abrechnung; Type: ACL; Schema: public; Owner: jacek
--

REVOKE ALL ON TABLE prov_abrechnung FROM PUBLIC;


--
-- TOC entry 107 (OID 10481682)
-- Name: prov_entry; Type: TABLE; Schema: public; Owner: jacek
--

CREATE TABLE prov_entry (
    provnr integer NOT NULL,
    verknr numeric(5,0) NOT NULL,
    rngid numeric(6,0) NOT NULL,
    zeilennr numeric(3,0) NOT NULL
);


--
-- TOC entry 108 (OID 10481682)
-- Name: prov_entry; Type: ACL; Schema: public; Owner: jacek
--

REVOKE ALL ON TABLE prov_entry FROM PUBLIC;


--
-- TOC entry 109 (OID 10481684)
-- Name: prov_config; Type: TABLE; Schema: public; Owner: jacek
--

CREATE TABLE prov_config (
    artikel text NOT NULL,
    provsatznr integer NOT NULL,
    kundennr numeric(5,0) NOT NULL
);


--
-- TOC entry 110 (OID 10481684)
-- Name: prov_config; Type: ACL; Schema: public; Owner: jacek
--

REVOKE ALL ON TABLE prov_config FROM PUBLIC;


--
-- TOC entry 111 (OID 10481689)
-- Name: buchjournal; Type: TABLE; Schema: public; Owner: jacek
--

CREATE TABLE buchjournal (
    nr integer DEFAULT nextval('buchjournal_nr_seq'::text) NOT NULL,
    jahr numeric(4,0) NOT NULL,
    quartal numeric(1,0) NOT NULL,
    monat numeric(2,0) NOT NULL,
    nr_jahr integer,
    von date,
    bis date,
    startseite integer,
    mandant integer,
    geschlossen_am date
);


--
-- TOC entry 112 (OID 10481689)
-- Name: buchjournal; Type: ACL; Schema: public; Owner: jacek
--

REVOKE ALL ON TABLE buchjournal FROM PUBLIC;


--
-- TOC entry 27 (OID 10481692)
-- Name: buchjournal_nr_seq; Type: SEQUENCE; Schema: public; Owner: jacek
--

CREATE SEQUENCE buchjournal_nr_seq
    START 1
    INCREMENT 1
    MAXVALUE 2147483647
    MINVALUE 1
    CACHE 1;


--
-- TOC entry 113 (OID 10481694)
-- Name: buchung; Type: TABLE; Schema: public; Owner: jacek
--

CREATE TABLE buchung (
    nr integer DEFAULT nextval('buchung_nr_seq'::text) NOT NULL,
    jnr integer NOT NULL,
    belegnr integer NOT NULL,
    text character varying(30),
    datum date NOT NULL,
    kontonr integer NOT NULL,
    gegenkontonr integer NOT NULL,
    refbuchung integer,
    betrag numeric(10,2),
    ustvst numeric(2,0),
    skonto numeric(9,2),
    typ character(1),
    direktbuchung boolean,
    storno boolean,
    buchungid integer DEFAULT nextval('buchung_id_seq'::text),
    waehrung numeric(2,0)
);


--
-- TOC entry 114 (OID 10481694)
-- Name: buchung; Type: ACL; Schema: public; Owner: jacek
--

REVOKE ALL ON TABLE buchung FROM PUBLIC;


--
-- TOC entry 29 (OID 10481698)
-- Name: buchung_nr_seq; Type: SEQUENCE; Schema: public; Owner: jacek
--

CREATE SEQUENCE buchung_nr_seq
    START 2
    INCREMENT 1
    MAXVALUE 9223372036854775807
    MINVALUE 1
    CACHE 1;


--
-- TOC entry 31 (OID 10481698)
-- Name: buchung_nr_seq; Type: ACL; Schema: public; Owner: jacek
--

REVOKE ALL ON TABLE buchung_nr_seq FROM PUBLIC;


--
-- TOC entry 115 (OID 10481700)
-- Name: mandant; Type: TABLE; Schema: public; Owner: jacek
--

CREATE TABLE mandant (
    mnr smallint NOT NULL,
    name character varying(20) NOT NULL
);


--
-- TOC entry 116 (OID 10481700)
-- Name: mandant; Type: ACL; Schema: public; Owner: jacek
--

REVOKE ALL ON TABLE mandant FROM PUBLIC;


--
-- TOC entry 117 (OID 10481702)
-- Name: steuersatz; Type: TABLE; Schema: public; Owner: jacek
--

CREATE TABLE steuersatz (
    sid numeric(1,0) NOT NULL,
    satz numeric(2,0) NOT NULL
);


--
-- TOC entry 118 (OID 10481702)
-- Name: steuersatz; Type: ACL; Schema: public; Owner: jacek
--

REVOKE ALL ON TABLE steuersatz FROM PUBLIC;


--
-- TOC entry 119 (OID 10481704)
-- Name: kontenrahmen; Type: TABLE; Schema: public; Owner: jacek
--

CREATE TABLE kontenrahmen (
    nr numeric(5,0) NOT NULL,
    zusatz character varying(2),
    klasse numeric(2,0) DEFAULT 0 NOT NULL,
    text character varying(80) NOT NULL,
    geld_sach character(4),
    steuersatz integer
);


--
-- TOC entry 120 (OID 10481704)
-- Name: kontenrahmen; Type: ACL; Schema: public; Owner: jacek
--

REVOKE ALL ON TABLE kontenrahmen FROM PUBLIC;


--
-- TOC entry 32 (OID 10481707)
-- Name: buchung_belegnr; Type: SEQUENCE; Schema: public; Owner: jacek
--

CREATE SEQUENCE buchung_belegnr
    START 1
    INCREMENT 1
    MAXVALUE 9223372036854775807
    MINVALUE 1
    CACHE 1;


--
-- TOC entry 121 (OID 10481709)
-- Name: auftragentry; Type: TABLE; Schema: public; Owner: jacek
--

CREATE TABLE auftragentry (
    auftragid numeric(6,0) NOT NULL,
    zeilennr integer NOT NULL,
    bestellt numeric(8,0) NOT NULL,
    geliefert numeric(8,0) NOT NULL,
    lasteditdate timestamp(0) with time zone DEFAULT now() NOT NULL,
    lasteditor character varying(10),
    lieferdatum numeric(6,0),
    lastedit character varying(10),
    dispoentrynr numeric(5,0),
    artikelid integer NOT NULL,
    rohartikelid integer,
    status smallint,
    preis_old numeric(7,2),
    rabatt numeric(4,2),
    dummy integer,
    lieferdate date,
    preismenge integer,
    instanz integer DEFAULT 1,
    preisliste integer,
    letzte_lieferung timestamp with time zone,
    lastedit_uid integer,
    provsatz numeric(4,2),
    preis numeric(8,3)
);


--
-- TOC entry 122 (OID 10481709)
-- Name: auftragentry; Type: ACL; Schema: public; Owner: jacek
--

REVOKE ALL ON TABLE auftragentry FROM PUBLIC;


--
-- TOC entry 123 (OID 10481713)
-- Name: prod_changejournal; Type: TABLE; Schema: public; Owner: jacek
--

CREATE TABLE prod_changejournal (
    datum timestamp(0) with time zone DEFAULT now() NOT NULL,
    insid numeric(2,0) NOT NULL,
    chid integer NOT NULL,
    status numeric(1,0) DEFAULT 0 NOT NULL,
    artikelid integer NOT NULL,
    auftragid numeric(6,0) NOT NULL,
    auftragzeile integer NOT NULL,
    new_val numeric(8,2),
    new_dat date,
    delta numeric(8,2),
    chtype character(1) NOT NULL
);


--
-- TOC entry 124 (OID 10481713)
-- Name: prod_changejournal; Type: ACL; Schema: public; Owner: jacek
--

REVOKE ALL ON TABLE prod_changejournal FROM PUBLIC;


--
-- TOC entry 252 (OID 10481723)
-- Name: text_sum(text); Type: AGGREGATE; Schema: public; Owner: jacek
--

CREATE AGGREGATE text_sum (
    BASETYPE = text,
    SFUNC = textcat,
    STYPE = text,
    INITCOND = ''
);


--
-- TOC entry 34 (OID 10481724)
-- Name: buchung_id_seq; Type: SEQUENCE; Schema: public; Owner: jacek
--

CREATE SEQUENCE buchung_id_seq
    START 1
    INCREMENT 1
    MAXVALUE 9223372036854775807
    MINVALUE 1
    CACHE 1;


--
-- TOC entry 36 (OID 10481724)
-- Name: buchung_id_seq; Type: ACL; Schema: public; Owner: jacek
--

REVOKE ALL ON TABLE buchung_id_seq FROM PUBLIC;


--
-- TOC entry 125 (OID 10481738)
-- Name: artbez_0_1; Type: VIEW; Schema: public; Owner: jacek
--

CREATE VIEW artbez_0_1 AS
    SELECT s.id, b.artikel, b.breite, b.farbe, b.bezeichnung, now() AS now FROM ((artikelstamm s JOIN artikelzusammensetzung z ON (((s.id = z.altartikelid) AND (s.warengruppe = 0)))) JOIN artbez_3_1 b ON ((b.id = z.id))) GROUP BY s.id, b.artikel, b.breite, b.farbe, b.bezeichnung;


--
-- TOC entry 126 (OID 10481738)
-- Name: artbez_0_1; Type: ACL; Schema: public; Owner: jacek
--

REVOKE ALL ON TABLE artbez_0_1 FROM PUBLIC;


--
-- TOC entry 127 (OID 10481740)
-- Name: extbezschema; Type: TABLE; Schema: public; Owner: jacek
--

CREATE TABLE extbezschema (
    extartbezid numeric(5,0) NOT NULL,
    bezkomptype numeric(2,0) NOT NULL,
    bezkomptext character varying(20) NOT NULL,
    separator character(1),
    artikeltyp smallint,
    signifikanz smallint,
    spaltenname character varying(20),
    textabformat text DEFAULT 'c',
    jumbo_bez text,
    textid numeric(3,0),
    preis_signifikant boolean
);


--
-- TOC entry 128 (OID 10481740)
-- Name: extbezschema; Type: ACL; Schema: public; Owner: jacek
--

REVOKE ALL ON TABLE extbezschema FROM PUBLIC;


--
-- TOC entry 129 (OID 10481746)
-- Name: curr_mailing; Type: TABLE; Schema: public; Owner: jacek
--

CREATE TABLE curr_mailing (
    kundennr numeric(5,0)
);


--
-- TOC entry 130 (OID 10481771)
-- Name: ku_email_durchwahl; Type: VIEW; Schema: public; Owner: jacek
--

CREATE VIEW ku_email_durchwahl AS
    SELECT anr.textid_anrede, k.kundennr AS kdnr, CASE WHEN ((anr.anrede)::text IS NOT NULL) THEN (anr.anrede)::text WHEN (''::text IS NOT NULL) THEN ''::text ELSE NULL::text END AS anrede, ((CASE WHEN ((k.firma || ' '::character varying) IS NOT NULL) THEN (k.firma || ' '::character varying) WHEN ('' IS NOT NULL) THEN ''::character varying ELSE NULL::character varying END)::text || CASE WHEN (k.name2 IS NOT NULL) THEN k.name2 WHEN ('' IS NOT NULL) THEN ''::text ELSE NULL::text END) AS betr, max(f.text) AS email, max(f.durchwahl) AS durchwahl FROM ((kunden k JOIN ku_telefon f ON (((k.kundennr = f.kundennr) AND ((f.art = 'T'::character varying) OR (f.art = 'E'::character varying))))) LEFT JOIN ku_briefanr anr ON ((anr.branr = "numeric"(k.branr)))) GROUP BY ((CASE WHEN ((k.firma || ' '::character varying) IS NOT NULL) THEN (k.firma || ' '::character varying) WHEN ('' IS NOT NULL) THEN ''::character varying ELSE NULL::character varying END)::text || CASE WHEN (k.name2 IS NOT NULL) THEN k.name2 WHEN ('' IS NOT NULL) THEN ''::text ELSE NULL::text END), k.kundennr, anr.anrede, anr.textid_anrede;


--
-- TOC entry 131 (OID 10481771)
-- Name: ku_email_durchwahl; Type: ACL; Schema: public; Owner: jacek
--

REVOKE ALL ON TABLE ku_email_durchwahl FROM PUBLIC;


--
-- TOC entry 132 (OID 10481773)
-- Name: fw_lager_buchung; Type: TABLE; Schema: public; Owner: jacek
--

CREATE TABLE fw_lager_buchung (
    artikelid integer,
    menge integer,
    datum timestamp with time zone,
    aktion character(1),
    pid integer,
    bestand integer,
    lfrsid numeric(5,0)
);


--
-- TOC entry 133 (OID 10481773)
-- Name: fw_lager_buchung; Type: ACL; Schema: public; Owner: jacek
--

REVOKE ALL ON TABLE fw_lager_buchung FROM PUBLIC;


--
-- TOC entry 134 (OID 10481780)
-- Name: muster_lager_buchung; Type: TABLE; Schema: public; Owner: jacek
--

CREATE TABLE muster_lager_buchung (
    artikelid integer,
    menge integer,
    datum timestamp with time zone,
    aktion character(1),
    pid integer,
    bestand integer,
    lfrsid numeric(5,0)
);


--
-- TOC entry 135 (OID 10481780)
-- Name: muster_lager_buchung; Type: ACL; Schema: public; Owner: jacek
--

REVOKE ALL ON TABLE muster_lager_buchung FROM PUBLIC;


--
-- TOC entry 136 (OID 10481782)
-- Name: lager; Type: TABLE; Schema: public; Owner: jacek
--

CREATE TABLE lager (
    lagerid integer NOT NULL,
    bezeichnung text,
    tabelle text NOT NULL,
    bestand_view text
);


--
-- TOC entry 137 (OID 10481782)
-- Name: lager; Type: ACL; Schema: public; Owner: jacek
--

REVOKE ALL ON TABLE lager FROM PUBLIC;


--
-- TOC entry 138 (OID 10481789)
-- Name: artikel_bestand_muster; Type: VIEW; Schema: public; Owner: jacek
--

CREATE VIEW artikel_bestand_muster AS
    SELECT r.mindbestand AS mindbest, r.id AS artikelid, CASE WHEN (sum(l.menge) IS NOT NULL) THEN sum(l.menge) WHEN (0 IS NOT NULL) THEN (0)::bigint ELSE NULL::bigint END AS bestand FROM (muster_lager_buchung l RIGHT JOIN artikelstamm r ON ((l.artikelid = r.id))) GROUP BY r.id, r.mindbestand;


--
-- TOC entry 139 (OID 10481789)
-- Name: artikel_bestand_muster; Type: ACL; Schema: public; Owner: jacek
--

REVOKE ALL ON TABLE artikel_bestand_muster FROM PUBLIC;


--
-- TOC entry 140 (OID 10481792)
-- Name: ausland_bankverbindung; Type: TABLE; Schema: public; Owner: jacek
--

CREATE TABLE ausland_bankverbindung (
    kundennr numeric(5,0) NOT NULL,
    iban text,
    cab text,
    abi text,
    account text
);


--
-- TOC entry 141 (OID 10481792)
-- Name: ausland_bankverbindung; Type: ACL; Schema: public; Owner: jacek
--

REVOKE ALL ON TABLE ausland_bankverbindung FROM PUBLIC;


--
-- TOC entry 142 (OID 10481797)
-- Name: ku_gruppen_map; Type: TABLE; Schema: public; Owner: jacek
--

CREATE TABLE ku_gruppen_map (
    kundennr numeric(5,0) NOT NULL,
    grpnr numeric(4,0) NOT NULL
);


--
-- TOC entry 143 (OID 10481797)
-- Name: ku_gruppen_map; Type: ACL; Schema: public; Owner: jacek
--

REVOKE ALL ON TABLE ku_gruppen_map FROM PUBLIC;


--
-- TOC entry 144 (OID 10481799)
-- Name: lieferschein; Type: TABLE; Schema: public; Owner: jacek
--

CREATE TABLE lieferschein (
    lfrsid numeric(6,0) NOT NULL,
    kundennr numeric(5,0) NOT NULL,
    datum timestamp(0) with time zone DEFAULT now() NOT NULL,
    rngid numeric(6,0),
    pakete numeric(2,0),
    paeckchen numeric(3,0),
    dpdliefnr integer,
    geliefertam date,
    instanz integer NOT NULL,
    netto_kg numeric(4,1),
    brutto_kg numeric(4,1),
    notiz text,
    verknr numeric(5,0)
);


--
-- TOC entry 145 (OID 10481799)
-- Name: lieferschein; Type: ACL; Schema: public; Owner: jacek
--

REVOKE ALL ON TABLE lieferschein FROM PUBLIC;


--
-- TOC entry 146 (OID 10481805)
-- Name: lieferscheinentry; Type: TABLE; Schema: public; Owner: jacek
--

CREATE TABLE lieferscheinentry (
    lfrsid numeric(6,0) NOT NULL,
    zeile numeric(3,0) NOT NULL,
    artikelid integer NOT NULL,
    refauftragid numeric(6,0),
    stueck numeric(6,0),
    refzeilennr numeric(3,0),
    palette numeric(3,0),
    menge numeric(8,2),
    zusatzinfo boolean,
    instanz integer NOT NULL,
    lagerid integer,
    status smallint
);


--
-- TOC entry 147 (OID 10481805)
-- Name: lieferscheinentry; Type: ACL; Schema: public; Owner: jacek
--

REVOKE ALL ON TABLE lieferscheinentry FROM PUBLIC;


--
-- TOC entry 148 (OID 10481807)
-- Name: auftragsentryzuordnung; Type: TABLE; Schema: public; Owner: jacek
--

CREATE TABLE auftragsentryzuordnung (
    altauftragid integer NOT NULL,
    altinstanz integer NOT NULL,
    altzeilennr integer NOT NULL,
    neuauftragid integer NOT NULL,
    neuinstanz integer NOT NULL,
    neuzeilennr integer NOT NULL,
    menge integer,
    prioritaet timestamp with time zone
);


--
-- TOC entry 149 (OID 10481807)
-- Name: auftragsentryzuordnung; Type: ACL; Schema: public; Owner: jacek
--

REVOKE ALL ON TABLE auftragsentryzuordnung FROM PUBLIC;


--
-- TOC entry 37 (OID 10481809)
-- Name: w3statseq; Type: SEQUENCE; Schema: public; Owner: jacek
--

CREATE SEQUENCE w3statseq
    START 1
    INCREMENT 1
    MAXVALUE 9223372036854775807
    MINVALUE 1
    CACHE 1;


--
-- TOC entry 150 (OID 10481813)
-- Name: artikelpreise; Type: TABLE; Schema: public; Owner: jacek
--

CREATE TABLE artikelpreise (
    artikelid integer,
    kundennr numeric(5,0),
    preis numeric(7,3),
    preismenge integer,
    waehrung numeric(2,0),
    mindestmenge numeric(4,0)
);


--
-- TOC entry 151 (OID 10481813)
-- Name: artikelpreise; Type: ACL; Schema: public; Owner: jacek
--

REVOKE ALL ON TABLE artikelpreise FROM PUBLIC;


--
-- TOC entry 152 (OID 10481817)
-- Name: artikelpreise_inland; Type: VIEW; Schema: public; Owner: jacek
--

CREATE VIEW artikelpreise_inland AS
    SELECT artikelpreise.artikelid, artikelpreise.kundennr, artikelpreise.preis, artikelpreise.preismenge, artikelpreise.waehrung, artikelpreise.mindestmenge FROM artikelpreise WHERE (artikelpreise.kundennr = ANY (SELECT ku_preisliste.prlsnr FROM ku_preisliste WHERE (ku_preisliste.tablename_gruppe = ('inland'::bpchar)::text)));


--
-- TOC entry 153 (OID 10481817)
-- Name: artikelpreise_inland; Type: ACL; Schema: public; Owner: jacek
--

REVOKE ALL ON TABLE artikelpreise_inland FROM PUBLIC;


--
-- TOC entry 154 (OID 10481820)
-- Name: artikelpreise_ausland; Type: VIEW; Schema: public; Owner: jacek
--

CREATE VIEW artikelpreise_ausland AS
    SELECT artikelpreise.artikelid, artikelpreise.kundennr, artikelpreise.preis, artikelpreise.preismenge, artikelpreise.waehrung, artikelpreise.mindestmenge FROM artikelpreise WHERE (artikelpreise.kundennr = ANY (SELECT ku_preisliste.prlsnr FROM ku_preisliste WHERE (ku_preisliste.tablename_gruppe = ('ausland'::bpchar)::text)));


--
-- TOC entry 155 (OID 10481820)
-- Name: artikelpreise_ausland; Type: ACL; Schema: public; Owner: jacek
--

REVOKE ALL ON TABLE artikelpreise_ausland FROM PUBLIC;


--
-- TOC entry 156 (OID 10481823)
-- Name: artikelpreise_ek; Type: VIEW; Schema: public; Owner: jacek
--

CREATE VIEW artikelpreise_ek AS
    SELECT artikelpreise.artikelid, artikelpreise.kundennr, artikelpreise.preis, artikelpreise.preismenge, artikelpreise.waehrung, artikelpreise.mindestmenge FROM artikelpreise WHERE (artikelpreise.kundennr = ANY (SELECT ku_preisliste.prlsnr FROM ku_preisliste WHERE (ku_preisliste.tablename_gruppe = ('ek'::bpchar)::text)));


--
-- TOC entry 157 (OID 10481823)
-- Name: artikelpreise_ek; Type: ACL; Schema: public; Owner: jacek
--

REVOKE ALL ON TABLE artikelpreise_ek FROM PUBLIC;


--
-- TOC entry 158 (OID 10481826)
-- Name: last_preis_change; Type: VIEW; Schema: public; Owner: jacek
--

CREATE VIEW last_preis_change AS
    SELECT max(preis_change_journal.zeitpunkt) AS zeitpunkt, preis_change_journal.artikelid, preis_change_journal.prlsnr, preis_change_journal.mindestmenge FROM preis_change_journal GROUP BY preis_change_journal.artikelid, preis_change_journal.prlsnr, preis_change_journal.mindestmenge;


--
-- TOC entry 159 (OID 10481827)
-- Name: rechnung_zahlungsart; Type: TABLE; Schema: public; Owner: jacek
--

CREATE TABLE rechnung_zahlungsart (
    id integer NOT NULL,
    kurzbezeichnung text NOT NULL,
    bezeichnung text,
    einzugrabatt numeric(3,1),
    bankeinzug boolean,
    zahlungsfrist numeric(3,0),
    skontosatz_1 numeric(3,1),
    skontofrist_1 numeric(3,0),
    skontosatz_2 numeric(3,1),
    skontofrist_2 numeric(3,0),
    skontosatz_3 numeric(3,1),
    skontofrist_3 numeric(3,0),
    monatsende boolean,
    verfahren text,
    frist_monate numeric(2,0)
);


--
-- TOC entry 160 (OID 10481827)
-- Name: rechnung_zahlungsart; Type: ACL; Schema: public; Owner: jacek
--

REVOKE ALL ON TABLE rechnung_zahlungsart FROM PUBLIC;
GRANT SELECT ON TABLE rechnung_zahlungsart TO PUBLIC;


--
-- TOC entry 247 (OID 10481832)
-- Name: artikelbezeichnung (integer, integer, integer); Type: FUNCTION; Schema: public; Owner: jacek
--

CREATE FUNCTION artikelbezeichnung (integer, integer, integer) RETURNS text
    AS '/usr/lib/postgresql/lib/artikelbezeichnung.so', 'artikelbezeichnung3'
    LANGUAGE c IMMUTABLE;


--
-- TOC entry 248 (OID 10481833)
-- Name: artikelbezeichnung (integer, integer, integer, integer); Type: FUNCTION; Schema: public; Owner: jacek
--

CREATE FUNCTION artikelbezeichnung (integer, integer, integer, integer) RETURNS text
    AS '/usr/lib/postgresql/lib/artikelbezeichnung.so', 'artikelbezeichnung4'
    LANGUAGE c IMMUTABLE;


--
-- TOC entry 249 (OID 10481834)
-- Name: artikelbezeichnung (integer); Type: FUNCTION; Schema: public; Owner: jacek
--

CREATE FUNCTION artikelbezeichnung (integer) RETURNS text
    AS '/usr/lib/postgresql/lib/artikelbezeichnung.so', 'artikelbezeichnung1'
    LANGUAGE c IMMUTABLE;


--
-- TOC entry 250 (OID 10481835)
-- Name: artikelbezeichnung_schema (integer, integer); Type: FUNCTION; Schema: public; Owner: jacek
--

CREATE FUNCTION artikelbezeichnung_schema (integer, integer) RETURNS text
    AS '/usr/lib/postgresql/lib/artikelbezeichnung.so', 'artikelbezeichnung_schema'
    LANGUAGE c;


--
-- TOC entry 251 (OID 10481836)
-- Name: artikelid (text); Type: FUNCTION; Schema: public; Owner: jacek
--

CREATE FUNCTION artikelid (text) RETURNS integer
    AS '/usr/lib/postgresql/lib/artikelid.so', 'artikelid'
    LANGUAGE c;


--
-- TOC entry 161 (OID 10481848)
-- Name: abverkauf_12m; Type: VIEW; Schema: public; Owner: jacek
--

CREATE VIEW abverkauf_12m AS
    SELECT le.artikelid, sum(le.stueck) AS menge FROM ((lieferschein l JOIN lieferscheinentry le ON (((((l.instanz = le.instanz) AND (l.instanz = 1)) AND (l.lfrsid = le.lfrsid)) AND ((timestamptz(date(CASE WHEN (l.geliefertam IS NOT NULL) THEN timestamptz(l.geliefertam) WHEN (l.datum IS NOT NULL) THEN l.datum ELSE NULL::timestamp with time zone END)) >= (date_trunc('day'::text, now()) - '1 year'::interval)) AND (timestamptz(date(CASE WHEN (l.geliefertam IS NOT NULL) THEN timestamptz(l.geliefertam) WHEN (l.datum IS NOT NULL) THEN l.datum ELSE NULL::timestamp with time zone END)) <= now()))))) JOIN rechnung r ON (((r.rngid = l.rngid) AND (r.rngart = 'R'::bpchar)))) GROUP BY le.artikelid;


--
-- TOC entry 162 (OID 10481858)
-- Name: umsatz_auftrag; Type: VIEW; Schema: public; Owner: jacek
--

CREATE VIEW umsatz_auftrag AS
    SELECT a.auftragid, round((round(sum((preis * ((1)::numeric - (e.rabatt / (100)::numeric)))), 2) * ((1)::numeric - (CASE WHEN (a.rabatt IS NOT NULL) THEN a.rabatt WHEN (0 IS NOT NULL) THEN (0)::numeric ELSE NULL::numeric END / (100)::numeric))), 2) AS netto, round((round((round(sum((preis * ((1)::numeric - (e.rabatt / (100)::numeric)))), 2) * ((1)::numeric - (CASE WHEN (a.rabatt IS NOT NULL) THEN a.rabatt WHEN (0 IS NOT NULL) THEN (0)::numeric ELSE NULL::numeric END / (100)::numeric))), 2) * 0.16), 2) AS mwst, round((round((round(sum((preis * ((1)::numeric - (e.rabatt / (100)::numeric)))), 2) * ((1)::numeric - (CASE WHEN (a.rabatt IS NOT NULL) THEN a.rabatt WHEN (0 IS NOT NULL) THEN (0)::numeric ELSE NULL::numeric END / (100)::numeric))), 2) * 1.16), 2) AS brutto FROM (auftrag a JOIN auftragentry e ON ((((a.auftragid = e.auftragid) AND (a.instanz = e.instanz)) AND (a.instanz = 1)))) GROUP BY a.auftragid, a.rabatt, a.oid;


--
-- TOC entry 163 (OID 10481860)
-- Name: last_inventur; Type: TABLE; Schema: public; Owner: jacek
--

CREATE TABLE last_inventur (
    artikelid integer,
    datum timestamp with time zone
);


--
-- TOC entry 164 (OID 10481864)
-- Name: artikel_bestand; Type: VIEW; Schema: public; Owner: jacek
--

CREATE VIEW artikel_bestand AS
    SELECT r.mindbestand AS mindbest, r.id AS artikelid, CASE WHEN (sum(CASE WHEN (l.bestand IS NULL) THEN l.menge ELSE l.bestand END) IS NOT NULL) THEN sum(CASE WHEN (l.bestand IS NULL) THEN l.menge ELSE l.bestand END) WHEN (0 IS NOT NULL) THEN (0)::bigint ELSE NULL::bigint END AS bestand FROM (fw_lager_buchung l RIGHT JOIN artikelstamm r ON ((((l.artikelid = r.id) AND (r.warengruppe = 3)) AND (l.datum >= CASE WHEN ((SELECT i.datum FROM last_inventur i WHERE (i.artikelid = l.artikelid)) IS NOT NULL) THEN (SELECT i.datum FROM last_inventur i WHERE (i.artikelid = l.artikelid)) WHEN ('1970-01-01' IS NOT NULL) THEN '1970-01-01 00:00:00+01'::timestamp with time zone ELSE NULL::timestamp with time zone END)))) GROUP BY r.id, r.mindbestand;


--
-- TOC entry 165 (OID 10481866)
-- Name: auftrag_label; Type: TABLE; Schema: public; Owner: jacek
--

CREATE TABLE auftrag_label (
    alid integer NOT NULL,
    bezeichnung text,
    kurz text NOT NULL
);


--
-- TOC entry 166 (OID 10481871)
-- Name: ku_ansprech; Type: TABLE; Schema: public; Owner: jacek
--

CREATE TABLE ku_ansprech (
    kundennr numeric(5,0) NOT NULL,
    persnr numeric(5,0) NOT NULL,
    _position text,
    notiz character varying(500),
    anschreiben_seq numeric(1,0)
);


--
-- TOC entry 167 (OID 10481871)
-- Name: ku_ansprech; Type: ACL; Schema: public; Owner: jacek
--

REVOKE ALL ON TABLE ku_ansprech FROM PUBLIC;


--
-- Data for TOC entry 253 (OID 10481148)
-- Name: artbez_warengruppe; Type: TABLE DATA; Schema: public; Owner: jacek
--

COPY artbez_warengruppe (id, text, lagerartikel, mit_ean, null_preis_check, mit_bezeichnung, bez_as_view, color_same_price, provision) FROM stdin;
3	Band	t	t	t	t	f	\N	t
7	Sonstiges	f	f	f	f	f	\N	t
\.


--
-- Data for TOC entry 254 (OID 10481150)
-- Name: artbez_anzeige; Type: TABLE DATA; Schema: public; Owner: jacek
--

COPY artbez_anzeige (uid, artikeltyp, "schema", anzeige_pos, anzeige_neg, auswahl, autocomplete, kombiniert) FROM stdin;
\.


--
-- Data for TOC entry 255 (OID 10481178)
-- Name: ku_briefanr; Type: TABLE DATA; Schema: public; Owner: jacek
--

COPY ku_briefanr (branr, briefanrede, anrede, textid, textid_anrede) FROM stdin;
0			\N	\N
4	Lieber 		\N	\N
3	Sehr geehrte Damen und Herren 	Firma	77	39
1	Sehr geehrter Herr 	Herr	78	38
2	Sehr verehrte Frau 	Frau	79	17
\.


--
-- Data for TOC entry 256 (OID 10481190)
-- Name: artikelzusammensetzung; Type: TABLE DATA; Schema: public; Owner: jacek
--

COPY artikelzusammensetzung (id, prozessid, altartikelid, menge, stand, uid) FROM stdin;
\.


--
-- Data for TOC entry 257 (OID 10481198)
-- Name: artikelstamm; Type: TABLE DATA; Schema: public; Owner: jacek
--

COPY artikelstamm (id, warengruppe, stand, bestellen_bei, defaultschema, internwarengruppe, einheit, uid, aktiv, auslauf, wertabschlag, mindbestand) FROM stdin;
\.


--
-- Data for TOC entry 258 (OID 10481207)
-- Name: waehrung; Type: TABLE DATA; Schema: public; Owner: jacek
--

COPY waehrung (wid, kurz, lang, dmfkt, eufkt, tex, fkt) FROM stdin;
4	PND	Englischer Pfund	3.12000	0.70000	\\pounds{}	0.70000
3	USD	US Dollar	2.28000	0.85782	US\\$	0.85782
2	DM	Deutsche Mark	1.00000	1.95583	\N	1.95583
1	EUR	Euro	1.95583	1.00000	\\euro{}	1.00000
\.


--
-- Data for TOC entry 259 (OID 10481212)
-- Name: artbez_insert; Type: TABLE DATA; Schema: public; Owner: jacek
--

COPY artbez_insert (tabelle) FROM stdin;
artbez_3_1
artbez_7_1
\.


--
-- Data for TOC entry 260 (OID 10481226)
-- Name: rechnungentry; Type: TABLE DATA; Schema: public; Owner: jacek
--

COPY rechnungentry (rngid, zeilennr, artikelid, lfrsid, lfrszeile, menge, preis, rabatt, preismenge, stueck, provsatz, ek_preis, abgerechnet_in) FROM stdin;
\.


--
-- Data for TOC entry 261 (OID 10481240)
-- Name: auftrag; Type: TABLE DATA; Schema: public; Owner: jacek
--

COPY auftrag (auftragid, kundennr, datum, youraufnr, bemerkung, dispoid, jahrgang, stat, waehrung, instanz, zahlungsziel, rabatt, zahlart, notiz, verknr, export_am, uid, label) FROM stdin;
\.


--
-- Data for TOC entry 262 (OID 10481251)
-- Name: einheiten; Type: TABLE DATA; Schema: public; Owner: jacek
--

COPY einheiten (id, bez_menge, tex_menge, bez_anzahl, tex_anzahl, waehrung) FROM stdin;
0	\N	\N	St.	\N	\N
2	kg	\N	\N	\N	\N
3	km	\N	Fd	\N	\N
1	m	\N	St.	\N	\N
\.


--
-- Data for TOC entry 263 (OID 10481268)
-- Name: prod_instanz; Type: TABLE DATA; Schema: public; Owner: jacek
--

COPY prod_instanz (insid, name, lager_fuer, sortierung, lieferschein, lagername, produziert_selbst, prod_dauer_tage, einlagern_in, automatisch_einlagern, typ, externe_bestellung, geplant_von, overview, alt_group_nr) FROM stdin;
1	Kundenauftrge	\N	1	t	\N	t	\N	\N	\N	P	f	\N	\N	\N
3	Einkauf	\N	3	t	\N	t	\N	2	f	P	t	\N	\N	\N
2	Fertigwarenlager	3	2	f	rl_inhalt	f	\N	\N	t	L	\N	\N	\N	\N
\.


--
-- Data for TOC entry 264 (OID 10481273)
-- Name: global_settings; Type: TABLE DATA; Schema: public; Owner: jacek
--

COPY global_settings (userid, program, name, wert) FROM stdin;
\.


--
-- Data for TOC entry 265 (OID 10481278)
-- Name: auftrag_prozess; Type: TABLE DATA; Schema: public; Owner: jacek
--

COPY auftrag_prozess (auftragid, zeilennr, prozessid, datum, instanz, letzteplaninstanz, maxplaninstanz) FROM stdin;
\.


--
-- Data for TOC entry 266 (OID 10481297)
-- Name: banken; Type: TABLE DATA; Schema: public; Owner: jacek
--

COPY banken (bankindex, blz, name) FROM stdin;
3	99999999	Musterbank
\.


--
-- Data for TOC entry 267 (OID 10481312)
-- Name: ku_telefon; Type: TABLE DATA; Schema: public; Owner: jacek
--

COPY ku_telefon (telid, art, ldkenn, vorwahl, telnr, durchwahl, kundennr, persnr, text) FROM stdin;
\.


--
-- Data for TOC entry 268 (OID 10481319)
-- Name: artbez_3_1; Type: TABLE DATA; Schema: public; Owner: jacek
--

COPY artbez_3_1 (id, artikel, breite, farbe, aufmachung, stand, ean, bezeichnung, draht) FROM stdin;
\.


--
-- Data for TOC entry 269 (OID 10481328)
-- Name: personal; Type: TABLE DATA; Schema: public; Owner: jacek
--

COPY personal (pid, name, vorname, kurz) FROM stdin;
\.


--
-- Data for TOC entry 270 (OID 10481335)
-- Name: ku_warenkorb; Type: TABLE DATA; Schema: public; Owner: jacek
--

COPY ku_warenkorb (prlsnr, kundennr, suchfolge) FROM stdin;
\.


--
-- Data for TOC entry 271 (OID 10481360)
-- Name: ku_preisliste; Type: TABLE DATA; Schema: public; Owner: jacek
--

COPY ku_preisliste (prlsnr, notiz, waehrungid, bruttosatz_old, bruttosatz, art, tablename_gruppe) FROM stdin;
1	Preisliste	1	\N	\N	V	inland
99999	Herstellung	1	\N	\N	E	ek
\.


--
-- Data for TOC entry 272 (OID 10481365)
-- Name: ku_land; Type: TABLE DATA; Schema: public; Owner: jacek
--

COPY ku_land (id, name, lkz, eu_member, w3stat_nr, w3stat_code) FROM stdin;
14	Niederlande	NL	t	003	NL
1	Deutschland	D	t	004	DE
4	Italien	I	t	005	IT
12	Grobritannien	GB	t	006	GB
13	Irland	IRL	t	007	IE
11	Daenemark	DK	t	008	DK
24	Griechenland	GR	t	009	GR
19	Portugal	P	t	010	PT
9	Schweden	S	t	030	SE
18	Spanien	E	t	011	ES
8	Finnland	FIN	t	032	FI
3	Schweiz	CH	f	\N	\N
5	Slowenien	SLO	f	\N	\N
7	Polen	PL	f	\N	\N
10	Norwegen	N	f	\N	\N
23	China	CHI	f	\N	\N
20	Island	IS	f	\N	\N
21	U S A	USA	f	\N	\N
22	Libanon	RL	f	\N	\N
25	Israel	IL	f	\N	\N
2	Oesterreich	A	t	038	AT
16	Luxemburg	L	t	018	LU
17	Frankreich	F	t	001	FR
15	Belgien test	B	t	017	BE
6	Ungarn	H	f	\N	\N
\.


--
-- Data for TOC entry 273 (OID 10481372)
-- Name: sprache; Type: TABLE DATA; Schema: public; Owner: jacek
--

COPY sprache (sprid, sprache) FROM stdin;
1	deutsch
2	englisch
3	franzsisch
4	italienisch
\.


--
-- Data for TOC entry 274 (OID 10481377)
-- Name: lkz_sprache; Type: TABLE DATA; Schema: public; Owner: jacek
--

COPY lkz_sprache (sprid, lkz) FROM stdin;
1	D
1	A
1	CH
2	IRL
2	GB
2	NL
2	PL
2	N
2	S
2	FIN
3	F
4	I
2	SLO
2	B
1	L
2	DK
2	USA
2	IS
2	E
2	IL
2	GR
2	P
1	H
\.


--
-- Data for TOC entry 275 (OID 10481479)
-- Name: rechnung; Type: TABLE DATA; Schema: public; Owner: jacek
--

COPY rechnung (rngid, kundennr, datum, bezahlt, zahlart, zahlziel, rngart, freitext, waehrung, rabatt, einzug_refnr, entsorgung, gedruckt, notiz, verknr, kurs, export_am, betrag, steuersatz, skontosatz, an_fibu_am, fibu_buchid) FROM stdin;
\.


--
-- Data for TOC entry 276 (OID 10481498)
-- Name: preis_change_journal; Type: TABLE DATA; Schema: public; Owner: jacek
--

COPY preis_change_journal (artikelid, prlsnr, zeitpunkt, preis_alt, preis_neu, uid, mindestmenge) FROM stdin;
\.


--
-- Data for TOC entry 277 (OID 10481536)
-- Name: ku_gruppe; Type: TABLE DATA; Schema: public; Owner: jacek
--

COPY ku_gruppe (grpnr, name, obergruppe, kommentar) FROM stdin;
7	Lieferadresse	Adressgruppen	\N
8	Rechnungsadresse	Adressgruppen	\N
9	Auftragsadresse	Adressgruppen	\N
10	Firma	Hauptgruppe	\N
11	Institution	Hauptgruppe	\N
12	Personal	Rollengruppe	\N
1	Kunden	Rollengruppe	\N
2	Lieferanten	Rollengruppe	\N
6	Sonstige	Rollengruppe	\N
3	Verkufer	Rollengruppe	\N
4	Personen	Hauptgruppe	\N
13	sort_AB_nach_KW	Steuerungsgruppe	\N
\.


--
-- Data for TOC entry 278 (OID 10481541)
-- Name: artikelgruppen; Type: TABLE DATA; Schema: public; Owner: jacek
--

COPY artikelgruppen (bezeichnung, "schema", warengruppe, bestellen_bei, einheit, defaultgrp) FROM stdin;
Band	1	3	2	0	t
Sonstiges	1	7	-1	0	\N
\.


--
-- Data for TOC entry 279 (OID 10481548)
-- Name: capability; Type: TABLE DATA; Schema: public; Owner: jacek
--

COPY capability (benutzer, gruppe, tabelle, spalte, aktion) FROM stdin;
\.


--
-- Data for TOC entry 280 (OID 10481581)
-- Name: text_bausteine; Type: TABLE DATA; Schema: public; Owner: jacek
--

COPY text_bausteine (textid, sprid, text_lang, kommentar) FROM stdin;
1	1	Rechnung	\N
1	4	Fattura	\N
2	1	Auftragsbesttigung	\N
2	4	Conferma d'ordine	\N
3	4	del	\N
4	1	Danke fr Ihren Auftrag	\N
4	4	La ringraziamo per il Suo Ordine	\N
3	1	vom	z.B.: Rechnung vom ...
5	1	Die Lieferung erfolgt frei Haus	\N
12	1	innerhalb von %d Tagen netto	Text fr Zahlungsart
6	1	gewebte Bnder aus Chemiefasern mit gewebtem Rand	Warenbeschreibung fr den Zoll
6	4	Nastri tessuti in fibra artificiale con bordo	Warenbeschreibung fr den Zoll
6	2	woven ribbons from synthetic fibres with woven edge	Warenbeschreibung fr den Zoll
14	4	%d giorni fine mese a mezzo ricevuta bancaria%s	\N
7	1	Bankverbindung	\N
7	4	Coordinate bancarie	\N
8	1	Konto	\N
8	4	Conto	\N
9	1	Bank	\N
9	4	Banca	\N
8	2	account	\N
10	1	Seite	\N
10	2	page	\N
11	1	Zahlung	\N
11	4	Pagamento	\N
13	1	innerhalb von %d Tagen (dann bis Monatsende) netto	Text fr Zahlungsart
6	3	Rubans tisss de fibres synthtiques avec bordures tisses	Warenbeschreibung fr den Zoll
15	1	%d Tage per RiBa%s	\N
13	4	%d giorni fine mese	Text fr Zahlungsart
15	4	%d giorni a mezzo ricevuta bancaria%s	\N
40	1	Sie erhielten zu unseren allgemeinen Geschftsbedingungen	\N
16	1	Es betreut Sie im Haus	\N
16	4	Riferimento	\N
41	1	unsere Steuernummer	\N
18	1	Telefon	\N
18	4	Tel.	\N
19	1	Telefax	\N
19	4	Fax	\N
20	1	Es besucht Sie	\N
20	4	Ns. rappresentante	\N
21	1	Ihre Kundennummer	\N
21	4	Codice cliente	\N
22	1	USt-ID	Umsatzsteuer Nummer
22	4	P.I.	Umsatzsteuer Nummer
23	1	Menge	\N
41	4	Ns. P.I.	\N
11	2	Payment	\N
24	1	Artikel	\N
24	4	Articolo	\N
25	1	Breite	\N
25	4	Altezza	\N
26	1	Farbe	\N
26	4	Colore	\N
44	4	Vs. ordine	\N
27	1	Aufmachung	\N
42	1	Unsere Auf.Nr.	\N
28	4	Decrizione	\N
28	1	Bezeichnung	\N
29	1	St.	Stck
5	4	Spedizione: porto franco	\N
30	1	Rabatt	\N
30	4	Sconto	\N
31	1	Netto	\N
31	4	netto	\N
32	1	Brutto	\N
32	4	lordo	\N
33	1	Summe	\N
33	4	Totale	\N
34	1	gesamt	\N
42	4	Ns. ordine	\N
34	4	totale	\N
35	1	bertrag	\N
35	4	Riporto	\N
36	4	Riporto	\N
36	1	Vortrag	\N
37	1	Auftragswert	\N
43	1	Unsere Lieferung	\N
37	4	Importo dell'ordine	\N
38	1	Herr	\N
39	1	Firma	\N
14	1	%d Tage (dann bis Monatsende) per RiBa%s	\N
27	4	Metri/Pz.	\N
44	1	Ihr Auftrag	\N
43	4	Ns. bolla	\N
23	4	Quantit\\`{a}	\N
45	1	Lief.KW	\N
45	4	Sped.set.	\N
46	1	Die Liefertermine bitte den einzelnen Positionen entnehmen	\N
47	1	Wert	\N
49	1	BTN	Zoll Identifikationsnummer
49	2	HSC-Code	Zoll Identifikationsnummer
47	4	Totale	\N
49	3	Num\\'{e}ro de Douane	Zoll Identifikationsnummer
49	4	Nomenclatura combinata	Zoll Identifikationsnummer
48	1	Offen	\N
50	1	Lieferwoche	\N
39	4	DITTA	\N
50	4	Spedizione settimana	\N
29	4	Pz.	Stck
55	1	zusammengefat zu %d Paket%s	\N
1	2	Invoice	\N
2	2	Order confirmation	\N
59	1	Lieferschein	\N
4	2	Thank you for your order	\N
43	2	Our delivery note	\N
42	2	Our order no.	\N
20	2	Our representative	\N
59	2	Delivery note	\N
18	2	Phone	\N
19	2	Fax	\N
22	2	VAT	\N
38	2	Mr.	\N
41	2	Our VAT	\N
21	2	Your customer no.	\N
35	2	carried forward	\N
36	2	carried forward	\N
16	2	Office contact	\N
9	2	bank	\N
54	2	The consignment consists of %d cartons	\N
24	2	Article	\N
55	2	, composed of %d parcel%s	\N
26	2	Colour	\N
59	4	Bolla	\N
28	2	Name	\N
60	1	Gutschrift	\N
30	2	Rebate	\N
34	2	total	\N
44	2	Your order	\N
56	1	Pakete/Paletten	\N
23	2	Qantity	\N
10	4	Pagina	\N
40	4	La spedizione \\`{e} regolata dalle nostre condizioni generali di vendita e fornitura	\N
60	4	Nota di credito	\N
51	1	%s - Rckstand zum Auftrag	\N
53	4	indirizzo di fatturazione	\N
52	4	indirizzo di consegna	\N
54	1	Die Lieferung besteht aus %d Einzelpckchen	\N
54	4	La spedizione \\`{e} composta da %d scatole	\N
61	1	Der Ausfhrer dieser Waren, auf die sich dieses Handelspapier bezieht, erklrt, da diese Waren, soweit nicht anders angegeben, prferenzbegnstigte BRD Ursprungswaren sind.	\N
61	2	The exporter of the products covered by this document declares that, except where otherwise clearly indicated, these products are of EU/FRG preferential origin	\N
48	4	Quantit\\`{a}	\N
53	1	Rechnung an	\N
52	1	Lieferung an	\N
51	4	%s - Rimanenze dell'ordine nr.	\N
51	2	%s - Back order to order	\N
3	2	dated	\N
25	2	Width	\N
29	2	pce	\N
27	2	Meter/pce	\N
48	2	Remaining	\N
47	2	Total	\N
5	2	Delivery: carriage paid	\N
50	2	Time of delivery: week	\N
56	2	Parcel/Pallet	\N
56	4	colli/bancale	\N
57	4	peso lordo	\N
57	2	gross	\N
57	1	Gew. brutto	\N
58	1	Gew. netto	\N
58	2	net	\N
58	4	peso netto	\N
55	4	imballate su %d coll%s	\N
12	2	within %d days, net	\N
40	2	These goods have been sent under our general trading terms and conditions	\N
33	2	Total	\N
7	2	bank details	\N
2	3	Confirmation de Commande	\N
12	4	entro %d giorni data fattura, netto	Text fr Zahlungsart
3	3	du	\N
38	3	M.	\N
63	4	entro %d giorni data fattura, sconto %s\\/\\%%	\N
63	1	innerhalb von %d Tagen abzgl. %s\\/\\%% Skonto	\N
63	2	within %d days less %s\\/\\%% discount	\N
4	3	Merci de votre commande	\N
21	3	Client No.	\N
43	3	Notre livraison	\N
44	3	Votre Commande	\N
23	3	Qt	\N
24	3	Article	\N
25	3	Largeur	\N
26	3	Couleur	\N
27	3	Mtrage	\N
28	3	Description	\N
29	3	pce	\N
47	3	Totale	\N
33	3	Totale	\N
42	3	Notre commande	\N
63	3	dans les %d jours aprs date de facture moins %s\\/\\%% d'escompte	\N
41	3	No. TVA	\N
12	3	dans les %d jours aprs date de facture, net	\N
13	3	dans les %d jours fin de mois, net	\N
5	3	Livraison:  franco domicile	\N
50	3	Dlai de livraison:  semaine	\N
22	3	TVA (intracommunautaire)	\N
11	3	Paiement	\N
16	3	 contacter au bureau	\N
20	3	notre rprsentant	\N
35	3	 reporter	\N
36	3	Report	\N
57	3	poids brut	\N
40	3	Vous avez reu cette marchandise selon nos conditions de vente gnrales	\N
58	3	poids net	\N
64	3	par traite LCR  %d jours fin de mois	x Tage Monatsende mit LCR
18	3	Tlphone	\N
19	3	Faxe	\N
1	3	Facture	\N
56	3	Colis/Palette	\N
65	1	Made in Germany	\N
65	3	Pays d'origine:  Rpublique Fdrale d'Allemagne	\N
10	3	page	\N
66	1	Vorauskasse mit %s\\/\\%% Skonto	\N
66	2	pre-payment less %s\\/\\%% discount	\N
67	2	The undersigned, exporter of the goods covered by this document, declares that, except where otherwise indicated, the goods meet the conditions to obtain originating status in Preferential Trade with Israel and that the country of origin of the goods is European Community.	\N
68	1	den	fr Datumsangabe
13	2	%d days from the invoice date and then to the end of month	\N
68	2	the	fr Datumsangabe
68	3		fr Datumsangabe
68	4		fr Datumsangabe
53	3	Facture 	\N
52	3	Livraison 	\N
59	3	Bulletin de livraison	\N
54	3	L'envoi se compose de %d cartons	\N
69	1	Bis zum Ende des Folgemonates mit %s\\/\\%% Skonto	\N
55	3	, group de %d %s	\N
53	2	Invoice to	\N
52	2	Delivery to	\N
60	2	Credit Note	\N
70	1	Kartennr.	\N
71	1	Kollektion	\N
72	1	EAN-Code	\N
75	1	MwSt.	Mehrwertsteuer
75	2	VAT	Mehrwertsteuer
73	2	until %s, net	\N
73	4	al %s	\N
76	1	Preisdifferenz	\N
76	2	Difference in prices	\N
73	1	Bis zum %s netto.	\N
74	1	Bis zum %s %s\\.\\%% Skonto = {\\bf %s %s}.	Zahlung mit Skonto
74	2	until %s less %s\\.\\%% discount = {\\bf %s %s}.	\N
76	3	Difference de prix	\N
77	1	Sehr geehrte Damen und Herren	\N
77	2	Dear Madam, Dear Sirs	Sehr geehrte Damen und Herren
17	1	Frau	\N
17	2	Ms.	\N
17	3	Mme	\N
17	4	Sig.a	\N
78	1	Sehr geehrter Herr	\N
78	2	Dear Mr.	Sehr geehrter Herr
79	1	Sehr verehrte Frau	\N
79	2	Dear Mrs.	Sehr verehrte Frau
77	3	Madame, Monsieur	Sehr geehrte Damen und Herren
78	3	Monsieur	Sehr geehrter Herr
79	3	Madame	Sehr verehrte Frau
77	4	Sehr geehrte Damen und Herren	\N
78	4	Sehr geehrter Herr	\N
79	4	Sehr verehrte Frau	\N
82	1	Ansprechpartner	\N
80	1	Storno	\N
83	1	Ihre Artikelnr.	\N
83	2	Your article	\N
83	4	Vs. articolo	\N
\.


--
-- Data for TOC entry 281 (OID 10481612)
-- Name: kunden; Type: TABLE DATA; Schema: public; Owner: jacek
--

COPY kunden (kundennr, sortname, idnr, firma, postanwvor, strasse, postanwnach, hsnr, plz, postfach, postfplz, ort, planumsatz, umsatz, mitarbeiter, kundenumsatz, stand, flaeche, kalkulation, ktonr, blz, preisliste, rabatt, notiz, rechnung_an, bankeinzug, rng_an_postfach, extbezschemaid, extartbezid, lieferadresse, rechnungsadresse, typ, verein, skontofrist, bankindex, entsorgung, waehrungid, einzugrabatt, lkz, skontosatz, verknr_old, gruppennr, zeilenrabatt, buchungskonto, unsere_kundennr, lieferantenkonto, gegenkonto, ku_verkaeufer, sonder_pliste, landid, betreuer, anz_firmenpapier, anz_weissespapier, zahlungsart, lieferung_frei_haus, aktiv, preisauto, showean, auf_notiz, lief_notiz, rng_notiz, debitorenkonto, name2, gebdatum, branr, lieferung_an, ab_an_rngadresse, verknr, mwst) FROM stdin;
1	\N	\N	Musterfabrik	\N	Musterstr	\N	12	12345	\N	\N	Musterhausen	0	\N	\N	0.00	2005-01-01 10:57:10+01	0	\N	123456	\N	1	0.0	\n	1	f	f	\N	\N	t	t	RL	\N	8	3	f	1	1.0	D	3.00	99	0	t	\N	\N	\N	\N	99	\N	1	\N	1	2	1	\N	t	t	f				1	\N	\N	\N	\N	f	99	t
2	\N	\N	Kunde	\N	Musterstr	\N	12	12345	\N	\N	Musterhausen	0	\N	\N	0.00	2005-01-01 10:57:10+01	0	\N	123456	\N	1	0.0	\n	1	f	f	\N	\N	t	t	RL	\N	8	3	f	1	1.0	D	3.00	99	0	t	\N	\N	\N	\N	99	\N	1	\N	1	2	1	\N	t	t	f				1	\N	\N	\N	\N	f	99	t
\.


--
-- Data for TOC entry 282 (OID 10481654)
-- Name: lieferscheinentryzusatz; Type: TABLE DATA; Schema: public; Owner: jacek
--

COPY lieferscheinentryzusatz (instanz, lfrsid, lfsznr, auftragid, auftragznr, menge) FROM stdin;
\.


--
-- Data for TOC entry 283 (OID 10481659)
-- Name: ueberweisungen; Type: TABLE DATA; Schema: public; Owner: jacek
--

COPY ueberweisungen (faellig, eigenes_konto, eigene_blz, dest_konto, dest_blz, betrag, rechnungsbetrag, auftraggeber, empfaenger, verwendungszweck0, verwendungszweck1, verwendungszweck2, verwendungszweck3, buchungskonto, eingegeben_am, eingegebendurch, erfolgt_am, erfolgtdurch, kundennr, belegdatum, belegnr, buchungsjournal, id, disk_refnr) FROM stdin;
\.


--
-- Data for TOC entry 284 (OID 10481668)
-- Name: prov_verkaeufer; Type: TABLE DATA; Schema: public; Owner: jacek
--

COPY prov_verkaeufer (verknr, kundennr, provsatz1, provsatz2) FROM stdin;
\.


--
-- Data for TOC entry 285 (OID 10481677)
-- Name: prov_abrechnung; Type: TABLE DATA; Schema: public; Owner: jacek
--

COPY prov_abrechnung (provnr, verknr, datum, bis, notiz, vom, ueberwid) FROM stdin;
\.


--
-- Data for TOC entry 286 (OID 10481682)
-- Name: prov_entry; Type: TABLE DATA; Schema: public; Owner: jacek
--

COPY prov_entry (provnr, verknr, rngid, zeilennr) FROM stdin;
\.


--
-- Data for TOC entry 287 (OID 10481684)
-- Name: prov_config; Type: TABLE DATA; Schema: public; Owner: jacek
--

COPY prov_config (artikel, provsatznr, kundennr) FROM stdin;
\.


--
-- Data for TOC entry 288 (OID 10481689)
-- Name: buchjournal; Type: TABLE DATA; Schema: public; Owner: jacek
--

COPY buchjournal (nr, jahr, quartal, monat, nr_jahr, von, bis, startseite, mandant, geschlossen_am) FROM stdin;
\.


--
-- Data for TOC entry 289 (OID 10481694)
-- Name: buchung; Type: TABLE DATA; Schema: public; Owner: jacek
--

COPY buchung (nr, jnr, belegnr, text, datum, kontonr, gegenkontonr, refbuchung, betrag, ustvst, skonto, typ, direktbuchung, storno, buchungid, waehrung) FROM stdin;
\.


--
-- Data for TOC entry 290 (OID 10481700)
-- Name: mandant; Type: TABLE DATA; Schema: public; Owner: jacek
--

COPY mandant (mnr, name) FROM stdin;
12345	Musterfabrik
\.


--
-- Data for TOC entry 291 (OID 10481702)
-- Name: steuersatz; Type: TABLE DATA; Schema: public; Owner: jacek
--

COPY steuersatz (sid, satz) FROM stdin;
\.


--
-- Data for TOC entry 292 (OID 10481704)
-- Name: kontenrahmen; Type: TABLE DATA; Schema: public; Owner: jacek
--

COPY kontenrahmen (nr, zusatz, klasse, text, geld_sach, steuersatz) FROM stdin;
\.


--
-- Data for TOC entry 293 (OID 10481709)
-- Name: auftragentry; Type: TABLE DATA; Schema: public; Owner: jacek
--

COPY auftragentry (auftragid, zeilennr, bestellt, geliefert, lasteditdate, lasteditor, lieferdatum, lastedit, dispoentrynr, artikelid, rohartikelid, status, preis_old, rabatt, dummy, lieferdate, preismenge, instanz, preisliste, letzte_lieferung, lastedit_uid, provsatz, preis) FROM stdin;
\.


--
-- Data for TOC entry 294 (OID 10481713)
-- Name: prod_changejournal; Type: TABLE DATA; Schema: public; Owner: jacek
--

COPY prod_changejournal (datum, insid, chid, status, artikelid, auftragid, auftragzeile, new_val, new_dat, delta, chtype) FROM stdin;
\.


--
-- Data for TOC entry 295 (OID 10481740)
-- Name: extbezschema; Type: TABLE DATA; Schema: public; Owner: jacek
--

COPY extbezschema (extartbezid, bezkomptype, bezkomptext, separator, artikeltyp, signifikanz, spaltenname, textabformat, jumbo_bez, textid, preis_signifikant) FROM stdin;
1	6	Bezeichnung	\N	3	3	bezeichnung	X	\N	28	\N
1	5	EAN-Code	\N	3	2	ean	l	\N	72	\N
1	7	Drahtkante	\N	3	4	draht	l	\N	\N	\N
1	3	Farbe	\N	0	1	farbe	r	\N	26	\N
1	4	Bezeichnung	\N	0	3	bezeichnung	X	\N	28	\N
1	2	Breite	/	0	1	breite	r	\N	25	t
1	1	Artikel	/	0	1	artikel	r	\N	24	t
1	4	Aufmachung	\N	3	1	aufmachung	l	\N	27	t
1	1	Artikel	/	3	1	artikel	r	\N	24	t
1	2	Breite	/	3	1	breite	r	\N	25	t
1	3	Farbe	/	3	1	farbe	r	\N	26	f
\.


--
-- Data for TOC entry 296 (OID 10481746)
-- Name: curr_mailing; Type: TABLE DATA; Schema: public; Owner: jacek
--

COPY curr_mailing (kundennr) FROM stdin;
\.


--
-- Data for TOC entry 297 (OID 10481773)
-- Name: fw_lager_buchung; Type: TABLE DATA; Schema: public; Owner: jacek
--

COPY fw_lager_buchung (artikelid, menge, datum, aktion, pid, bestand, lfrsid) FROM stdin;
\.


--
-- Data for TOC entry 298 (OID 10481780)
-- Name: muster_lager_buchung; Type: TABLE DATA; Schema: public; Owner: jacek
--

COPY muster_lager_buchung (artikelid, menge, datum, aktion, pid, bestand, lfrsid) FROM stdin;
\.


--
-- Data for TOC entry 299 (OID 10481782)
-- Name: lager; Type: TABLE DATA; Schema: public; Owner: jacek
--

COPY lager (lagerid, bezeichnung, tabelle, bestand_view) FROM stdin;
1	Hauptlager	fw_lager_buchung	artikel_bestand
2	Musterlager	muster_lager_buchung	artikel_bestand_muster
\.


--
-- Data for TOC entry 300 (OID 10481792)
-- Name: ausland_bankverbindung; Type: TABLE DATA; Schema: public; Owner: jacek
--

COPY ausland_bankverbindung (kundennr, iban, cab, abi, account) FROM stdin;
\.


--
-- Data for TOC entry 301 (OID 10481797)
-- Name: ku_gruppen_map; Type: TABLE DATA; Schema: public; Owner: jacek
--

COPY ku_gruppen_map (kundennr, grpnr) FROM stdin;
\.


--
-- Data for TOC entry 302 (OID 10481799)
-- Name: lieferschein; Type: TABLE DATA; Schema: public; Owner: jacek
--

COPY lieferschein (lfrsid, kundennr, datum, rngid, pakete, paeckchen, dpdliefnr, geliefertam, instanz, netto_kg, brutto_kg, notiz, verknr) FROM stdin;
\.


--
-- Data for TOC entry 303 (OID 10481805)
-- Name: lieferscheinentry; Type: TABLE DATA; Schema: public; Owner: jacek
--

COPY lieferscheinentry (lfrsid, zeile, artikelid, refauftragid, stueck, refzeilennr, palette, menge, zusatzinfo, instanz, lagerid, status) FROM stdin;
\.


--
-- Data for TOC entry 304 (OID 10481807)
-- Name: auftragsentryzuordnung; Type: TABLE DATA; Schema: public; Owner: jacek
--

COPY auftragsentryzuordnung (altauftragid, altinstanz, altzeilennr, neuauftragid, neuinstanz, neuzeilennr, menge, prioritaet) FROM stdin;
\.


--
-- Data for TOC entry 305 (OID 10481813)
-- Name: artikelpreise; Type: TABLE DATA; Schema: public; Owner: jacek
--

COPY artikelpreise (artikelid, kundennr, preis, preismenge, waehrung, mindestmenge) FROM stdin;
\.


--
-- Data for TOC entry 306 (OID 10481827)
-- Name: rechnung_zahlungsart; Type: TABLE DATA; Schema: public; Owner: jacek
--

COPY rechnung_zahlungsart (id, kurzbezeichnung, bezeichnung, einzugrabatt, bankeinzug, zahlungsfrist, skontosatz_1, skontofrist_1, skontosatz_2, skontofrist_2, skontosatz_3, skontofrist_3, monatsende, verfahren, frist_monate) FROM stdin;
9	30 Tage netto	\N	\N	\N	30	\N	\N	\N	\N	\N	\N	\N	\N	\N
10	8 T 4%, 30T netto	\N	\N	\N	30	4.0	8	\N	\N	\N	\N	\N	\N	\N
14	Vorauskasse, 3%	\N	\N	\N	0	3.0	\N	\N	\N	\N	\N	\N	\N	\N
5	Abbuchung	\N	\N	t	\N	\N	\N	\N	\N	\N	\N	\N	DTAUS	\N
24	Abbuchung; 28 Tage	\N	\N	t	28	\N	\N	\N	\N	\N	\N	\N	DTAUS	\N
0	sofort, ohne Abzug	\N	\N	\N	0	\N	\N	\N	\N	\N	\N	\N	\N	\N
\.


--
-- Data for TOC entry 307 (OID 10481860)
-- Name: last_inventur; Type: TABLE DATA; Schema: public; Owner: jacek
--

COPY last_inventur (artikelid, datum) FROM stdin;
\.


--
-- Data for TOC entry 308 (OID 10481866)
-- Name: auftrag_label; Type: TABLE DATA; Schema: public; Owner: jacek
--

COPY auftrag_label (alid, bezeichnung, kurz) FROM stdin;
0	Normal	
2	Musterware	MW
\.


--
-- Data for TOC entry 309 (OID 10481871)
-- Name: ku_ansprech; Type: TABLE DATA; Schema: public; Owner: jacek
--

COPY ku_ansprech (kundennr, persnr, _position, notiz, anschreiben_seq) FROM stdin;
1	18	EDV-Leitung	\N	1
1	226	\N	\N	1
1	227	\N	\N	1
\.


--
-- TOC entry 170 (OID 11646649)
-- Name: artikelzusamm_key; Type: INDEX; Schema: public; Owner: jacek
--

CREATE INDEX artikelzusamm_key ON artikelzusammensetzung USING btree (id);


--
-- TOC entry 174 (OID 11646656)
-- Name: rechnungentry_pkey; Type: INDEX; Schema: public; Owner: jacek
--

CREATE INDEX rechnungentry_pkey ON rechnungentry USING btree (rngid);


--
-- TOC entry 181 (OID 11646657)
-- Name: auftrag_prozess_pkey; Type: INDEX; Schema: public; Owner: jacek
--

CREATE UNIQUE INDEX auftrag_prozess_pkey ON auftrag_prozess USING btree (auftragid, zeilennr, instanz);


--
-- TOC entry 175 (OID 11646658)
-- Name: auftrag_pkey; Type: INDEX; Schema: public; Owner: jacek
--

CREATE UNIQUE INDEX auftrag_pkey ON auftrag USING btree (auftragid, instanz);


--
-- TOC entry 176 (OID 11646659)
-- Name: auftrag_speed; Type: INDEX; Schema: public; Owner: jacek
--

CREATE UNIQUE INDEX auftrag_speed ON auftrag USING btree (auftragid, instanz, stat);


--
-- TOC entry 182 (OID 11646660)
-- Name: banken_bankindex_key; Type: INDEX; Schema: public; Owner: jacek
--

CREATE UNIQUE INDEX banken_bankindex_key ON banken USING btree (bankindex);


--
-- TOC entry 187 (OID 11646661)
-- Name: artbez_3_1_uniq; Type: INDEX; Schema: public; Owner: jacek
--

CREATE UNIQUE INDEX artbez_3_1_uniq ON artbez_3_1 USING btree (artikel, breite, farbe, aufmachung);


--
-- TOC entry 188 (OID 11646662)
-- Name: ku_warenkorb_kundennr_key; Type: INDEX; Schema: public; Owner: jacek
--

CREATE UNIQUE INDEX ku_warenkorb_kundennr_key ON ku_warenkorb USING btree (kundennr, suchfolge);


--
-- TOC entry 189 (OID 11646663)
-- Name: ku_warenkorb_kundennr_key1; Type: INDEX; Schema: public; Owner: jacek
--

CREATE UNIQUE INDEX ku_warenkorb_kundennr_key1 ON ku_warenkorb USING btree (kundennr, prlsnr);


--
-- TOC entry 192 (OID 11646665)
-- Name: ku_land_name; Type: INDEX; Schema: public; Owner: jacek
--

CREATE UNIQUE INDEX ku_land_name ON ku_land USING btree (name);


--
-- TOC entry 191 (OID 11646666)
-- Name: ku_land_lkz; Type: INDEX; Schema: public; Owner: jacek
--

CREATE UNIQUE INDEX ku_land_lkz ON ku_land USING btree (lkz);


--
-- TOC entry 196 (OID 11646684)
-- Name: preis_chjourn_artikel; Type: INDEX; Schema: public; Owner: jacek
--

CREATE INDEX preis_chjourn_artikel ON preis_change_journal USING btree (artikelid);


--
-- TOC entry 197 (OID 11646687)
-- Name: ku_gruppe_name_key; Type: INDEX; Schema: public; Owner: jacek
--

CREATE UNIQUE INDEX ku_gruppe_name_key ON ku_gruppe USING btree (name);


--
-- TOC entry 201 (OID 11646688)
-- Name: text_bausteine_idx; Type: INDEX; Schema: public; Owner: jacek
--

CREATE UNIQUE INDEX text_bausteine_idx ON text_bausteine USING btree (textid, sprid);


--
-- TOC entry 202 (OID 11646694)
-- Name: kudnen_firma_idx; Type: INDEX; Schema: public; Owner: jacek
--

CREATE INDEX kudnen_firma_idx ON kunden USING btree (firma);


--
-- TOC entry 203 (OID 11646695)
-- Name: kudnen_sort_idx; Type: INDEX; Schema: public; Owner: jacek
--

CREATE INDEX kudnen_sort_idx ON kunden USING btree (sortname);


--
-- TOC entry 205 (OID 11646696)
-- Name: kunden_uniq; Type: INDEX; Schema: public; Owner: jacek
--

CREATE UNIQUE INDEX kunden_uniq ON kunden USING btree (sortname, ort);


--
-- TOC entry 206 (OID 11646699)
-- Name: lfrsentryzusatz_idx; Type: INDEX; Schema: public; Owner: jacek
--

CREATE INDEX lfrsentryzusatz_idx ON lieferscheinentryzusatz USING btree (instanz, lfrsid, lfsznr);


--
-- TOC entry 207 (OID 11646701)
-- Name: ueberweisungen_idx; Type: INDEX; Schema: public; Owner: jacek
--

CREATE INDEX ueberweisungen_idx ON ueberweisungen USING btree (oid);


--
-- TOC entry 208 (OID 11646702)
-- Name: ueberweisungen_pkey; Type: INDEX; Schema: public; Owner: jacek
--

CREATE UNIQUE INDEX ueberweisungen_pkey ON ueberweisungen USING btree (id);


--
-- TOC entry 177 (OID 11646703)
-- Name: youraufnr_idx; Type: INDEX; Schema: public; Owner: jacek
--

CREATE UNIQUE INDEX youraufnr_idx ON auftrag USING btree (youraufnr, kundennr, stat);


--
-- TOC entry 212 (OID 11646704)
-- Name: prov_entry_idx; Type: INDEX; Schema: public; Owner: jacek
--

CREATE UNIQUE INDEX prov_entry_idx ON prov_entry USING btree (rngid, zeilennr);


--
-- TOC entry 213 (OID 11646705)
-- Name: prov_entry_verknr; Type: INDEX; Schema: public; Owner: jacek
--

CREATE INDEX prov_entry_verknr ON prov_entry USING btree (verknr);


--
-- TOC entry 221 (OID 11646706)
-- Name: kontenrahmen_pkey; Type: INDEX; Schema: public; Owner: jacek
--

CREATE UNIQUE INDEX kontenrahmen_pkey ON kontenrahmen USING btree (nr);


--
-- TOC entry 222 (OID 11646707)
-- Name: auftragentry_artikelid; Type: INDEX; Schema: public; Owner: jacek
--

CREATE INDEX auftragentry_artikelid ON auftragentry USING btree (artikelid);


--
-- TOC entry 224 (OID 11646708)
-- Name: auftragentry_pkey; Type: INDEX; Schema: public; Owner: jacek
--

CREATE UNIQUE INDEX auftragentry_pkey ON auftragentry USING btree (auftragid, zeilennr, instanz);


--
-- TOC entry 223 (OID 11646709)
-- Name: auftragentry_aufidinst; Type: INDEX; Schema: public; Owner: jacek
--

CREATE INDEX auftragentry_aufidinst ON auftragentry USING btree (auftragid, instanz);


--
-- TOC entry 218 (OID 11646711)
-- Name: buchung_uniq; Type: INDEX; Schema: public; Owner: jacek
--

CREATE UNIQUE INDEX buchung_uniq ON buchung USING btree (buchungid);


--
-- TOC entry 185 (OID 11646712)
-- Name: telefon_uniq; Type: INDEX; Schema: public; Owner: jacek
--

CREATE UNIQUE INDEX telefon_uniq ON ku_telefon USING btree (art, ldkenn, vorwahl, telnr, durchwahl, kundennr, persnr);


--
-- TOC entry 227 (OID 11646724)
-- Name: fw_lager_buchung_new_artid; Type: INDEX; Schema: public; Owner: jacek
--

CREATE INDEX fw_lager_buchung_new_artid ON fw_lager_buchung USING btree (artikelid);


--
-- TOC entry 226 (OID 11646725)
-- Name: fw_lager_buchung_lfrsid; Type: INDEX; Schema: public; Owner: jacek
--

CREATE INDEX fw_lager_buchung_lfrsid ON fw_lager_buchung USING btree (lfrsid);


--
-- TOC entry 228 (OID 11646728)
-- Name: lager_bezeichnung_key; Type: INDEX; Schema: public; Owner: jacek
--

CREATE UNIQUE INDEX lager_bezeichnung_key ON lager USING btree (bezeichnung);


--
-- TOC entry 214 (OID 11646729)
-- Name: prov_config_kundennr_idx; Type: INDEX; Schema: public; Owner: jacek
--

CREATE INDEX prov_config_kundennr_idx ON prov_config USING btree (kundennr);


--
-- TOC entry 210 (OID 11646730)
-- Name: prov_verkaeufer_uniq; Type: INDEX; Schema: public; Owner: jacek
--

CREATE UNIQUE INDEX prov_verkaeufer_uniq ON prov_verkaeufer USING btree (kundennr);


--
-- TOC entry 230 (OID 11646731)
-- Name: ku_gruppen_map_kundennr_key; Type: INDEX; Schema: public; Owner: jacek
--

CREATE UNIQUE INDEX ku_gruppen_map_kundennr_key ON ku_gruppen_map USING btree (kundennr, grpnr);


--
-- TOC entry 232 (OID 11646732)
-- Name: lieferscheinentry_artid; Type: INDEX; Schema: public; Owner: jacek
--

CREATE INDEX lieferscheinentry_artid ON lieferscheinentry USING btree (artikelid);


--
-- TOC entry 234 (OID 11646733)
-- Name: ae_zo_alt; Type: INDEX; Schema: public; Owner: jacek
--

CREATE INDEX ae_zo_alt ON auftragsentryzuordnung USING btree (altinstanz, altauftragid, altzeilennr);


--
-- TOC entry 235 (OID 11646734)
-- Name: ae_zo_neu; Type: INDEX; Schema: public; Owner: jacek
--

CREATE INDEX ae_zo_neu ON auftragsentryzuordnung USING btree (neuinstanz, neuauftragid, neuzeilennr);


--
-- TOC entry 236 (OID 11646735)
-- Name: auftragsentryzuordnung_altauftr; Type: INDEX; Schema: public; Owner: jacek
--

CREATE UNIQUE INDEX auftragsentryzuordnung_altauftr ON auftragsentryzuordnung USING btree (altauftragid, altinstanz, altzeilennr, neuauftragid, neuinstanz, neuzeilennr, prioritaet);


--
-- TOC entry 237 (OID 11646737)
-- Name: artikelpreise_uniq; Type: INDEX; Schema: public; Owner: jacek
--

CREATE UNIQUE INDEX artikelpreise_uniq ON artikelpreise USING btree (artikelid, kundennr, mindestmenge);


--
-- TOC entry 199 (OID 11646738)
-- Name: artikelgruppen_defgrp; Type: INDEX; Schema: public; Owner: jacek
--

CREATE UNIQUE INDEX artikelgruppen_defgrp ON artikelgruppen USING btree (defaultgrp);


--
-- TOC entry 239 (OID 11646739)
-- Name: last_inventur_idx; Type: INDEX; Schema: public; Owner: jacek
--

CREATE INDEX last_inventur_idx ON last_inventur USING btree (artikelid);


--
-- TOC entry 243 (OID 11646740)
-- Name: ku_ansprech_kundennr_key; Type: INDEX; Schema: public; Owner: jacek
--

CREATE UNIQUE INDEX ku_ansprech_kundennr_key ON ku_ansprech USING btree (kundennr, persnr);


--
-- TOC entry 168 (OID 11646741)
-- Name: artbez_anzeige_pkey; Type: CONSTRAINT; Schema: public; Owner: jacek
--

ALTER TABLE ONLY artbez_anzeige
    ADD CONSTRAINT artbez_anzeige_pkey PRIMARY KEY (uid, artikeltyp, "schema");


--
-- TOC entry 169 (OID 11646743)
-- Name: ku_briefanr_pkey; Type: CONSTRAINT; Schema: public; Owner: jacek
--

ALTER TABLE ONLY ku_briefanr
    ADD CONSTRAINT ku_briefanr_pkey PRIMARY KEY (branr);


--
-- TOC entry 171 (OID 11646751)
-- Name: artikelstamm_pkey; Type: CONSTRAINT; Schema: public; Owner: jacek
--

ALTER TABLE ONLY artikelstamm
    ADD CONSTRAINT artikelstamm_pkey PRIMARY KEY (id);


--
-- TOC entry 172 (OID 11646753)
-- Name: waehrung_pkey; Type: CONSTRAINT; Schema: public; Owner: jacek
--

ALTER TABLE ONLY waehrung
    ADD CONSTRAINT waehrung_pkey PRIMARY KEY (wid);


--
-- TOC entry 173 (OID 11646755)
-- Name: artbez_insert_pkey; Type: CONSTRAINT; Schema: public; Owner: jacek
--

ALTER TABLE ONLY artbez_insert
    ADD CONSTRAINT artbez_insert_pkey PRIMARY KEY (tabelle);


--
-- TOC entry 178 (OID 11646767)
-- Name: einheiten_pkey; Type: CONSTRAINT; Schema: public; Owner: jacek
--

ALTER TABLE ONLY einheiten
    ADD CONSTRAINT einheiten_pkey PRIMARY KEY (id);


--
-- TOC entry 179 (OID 11646769)
-- Name: prod_instanz_pkey; Type: CONSTRAINT; Schema: public; Owner: jacek
--

ALTER TABLE ONLY prod_instanz
    ADD CONSTRAINT prod_instanz_pkey PRIMARY KEY (insid);


--
-- TOC entry 180 (OID 11646771)
-- Name: global_settings_pkey; Type: CONSTRAINT; Schema: public; Owner: jacek
--

ALTER TABLE ONLY global_settings
    ADD CONSTRAINT global_settings_pkey PRIMARY KEY (userid, program, name);


--
-- TOC entry 183 (OID 11646773)
-- Name: banken_pkey; Type: CONSTRAINT; Schema: public; Owner: jacek
--

ALTER TABLE ONLY banken
    ADD CONSTRAINT banken_pkey PRIMARY KEY (blz);


--
-- TOC entry 184 (OID 11646779)
-- Name: ku_telefon_pkey; Type: CONSTRAINT; Schema: public; Owner: jacek
--

ALTER TABLE ONLY ku_telefon
    ADD CONSTRAINT ku_telefon_pkey PRIMARY KEY (telid);


--
-- TOC entry 186 (OID 11646781)
-- Name: artbez_3_1_pkey; Type: CONSTRAINT; Schema: public; Owner: jacek
--

ALTER TABLE ONLY artbez_3_1
    ADD CONSTRAINT artbez_3_1_pkey PRIMARY KEY (id);


--
-- TOC entry 190 (OID 11646787)
-- Name: ku_preisliste_pkey; Type: CONSTRAINT; Schema: public; Owner: jacek
--

ALTER TABLE ONLY ku_preisliste
    ADD CONSTRAINT ku_preisliste_pkey PRIMARY KEY (prlsnr);


--
-- TOC entry 193 (OID 11646789)
-- Name: ku_land_pkey; Type: CONSTRAINT; Schema: public; Owner: jacek
--

ALTER TABLE ONLY ku_land
    ADD CONSTRAINT ku_land_pkey PRIMARY KEY (id);


--
-- TOC entry 194 (OID 11646791)
-- Name: sprache_pkey; Type: CONSTRAINT; Schema: public; Owner: jacek
--

ALTER TABLE ONLY sprache
    ADD CONSTRAINT sprache_pkey PRIMARY KEY (sprid);


--
-- TOC entry 195 (OID 11646825)
-- Name: new_rechnung_pkey; Type: CONSTRAINT; Schema: public; Owner: jacek
--

ALTER TABLE ONLY rechnung
    ADD CONSTRAINT new_rechnung_pkey PRIMARY KEY (rngid);


--
-- TOC entry 198 (OID 11646831)
-- Name: ku_gruppe_pkey; Type: CONSTRAINT; Schema: public; Owner: jacek
--

ALTER TABLE ONLY ku_gruppe
    ADD CONSTRAINT ku_gruppe_pkey PRIMARY KEY (grpnr);


--
-- TOC entry 200 (OID 11646833)
-- Name: artikelgruppen_pkey; Type: CONSTRAINT; Schema: public; Owner: jacek
--

ALTER TABLE ONLY artikelgruppen
    ADD CONSTRAINT artikelgruppen_pkey PRIMARY KEY (bezeichnung);


--
-- TOC entry 204 (OID 11646843)
-- Name: kunden_pkey; Type: CONSTRAINT; Schema: public; Owner: jacek
--

ALTER TABLE ONLY kunden
    ADD CONSTRAINT kunden_pkey PRIMARY KEY (kundennr);


--
-- TOC entry 209 (OID 11646851)
-- Name: prov_verkaeufer_pkey; Type: CONSTRAINT; Schema: public; Owner: jacek
--

ALTER TABLE ONLY prov_verkaeufer
    ADD CONSTRAINT prov_verkaeufer_pkey PRIMARY KEY (verknr, kundennr);


--
-- TOC entry 211 (OID 11646853)
-- Name: prov_abrechnung_pkey; Type: CONSTRAINT; Schema: public; Owner: jacek
--

ALTER TABLE ONLY prov_abrechnung
    ADD CONSTRAINT prov_abrechnung_pkey PRIMARY KEY (provnr, verknr);


--
-- TOC entry 215 (OID 11646855)
-- Name: prov_config_pkey; Type: CONSTRAINT; Schema: public; Owner: jacek
--

ALTER TABLE ONLY prov_config
    ADD CONSTRAINT prov_config_pkey PRIMARY KEY (artikel, kundennr);


--
-- TOC entry 216 (OID 11646857)
-- Name: buchjournal_pkey; Type: CONSTRAINT; Schema: public; Owner: jacek
--

ALTER TABLE ONLY buchjournal
    ADD CONSTRAINT buchjournal_pkey PRIMARY KEY (nr);


--
-- TOC entry 217 (OID 11646859)
-- Name: buchung_pkey; Type: CONSTRAINT; Schema: public; Owner: jacek
--

ALTER TABLE ONLY buchung
    ADD CONSTRAINT buchung_pkey PRIMARY KEY (jnr, nr);


--
-- TOC entry 219 (OID 11646861)
-- Name: mandant_pkey; Type: CONSTRAINT; Schema: public; Owner: jacek
--

ALTER TABLE ONLY mandant
    ADD CONSTRAINT mandant_pkey PRIMARY KEY (mnr);


--
-- TOC entry 220 (OID 11646863)
-- Name: steuersatz_pkey; Type: CONSTRAINT; Schema: public; Owner: jacek
--

ALTER TABLE ONLY steuersatz
    ADD CONSTRAINT steuersatz_pkey PRIMARY KEY (sid);


--
-- TOC entry 225 (OID 11646865)
-- Name: prod_changejournal_pkey; Type: CONSTRAINT; Schema: public; Owner: jacek
--

ALTER TABLE ONLY prod_changejournal
    ADD CONSTRAINT prod_changejournal_pkey PRIMARY KEY (chid, insid);


--
-- TOC entry 229 (OID 11646877)
-- Name: lager_pkey; Type: CONSTRAINT; Schema: public; Owner: jacek
--

ALTER TABLE ONLY lager
    ADD CONSTRAINT lager_pkey PRIMARY KEY (lagerid);


--
-- TOC entry 231 (OID 11646879)
-- Name: lieferschein_pkey; Type: CONSTRAINT; Schema: public; Owner: jacek
--

ALTER TABLE ONLY lieferschein
    ADD CONSTRAINT lieferschein_pkey PRIMARY KEY (lfrsid, instanz);


--
-- TOC entry 233 (OID 11646881)
-- Name: lieferscheinentry_pkey; Type: CONSTRAINT; Schema: public; Owner: jacek
--

ALTER TABLE ONLY lieferscheinentry
    ADD CONSTRAINT lieferscheinentry_pkey PRIMARY KEY (lfrsid, zeile, instanz);


--
-- TOC entry 238 (OID 11646883)
-- Name: rechnung_zahlungsziel_pkey; Type: CONSTRAINT; Schema: public; Owner: jacek
--

ALTER TABLE ONLY rechnung_zahlungsart
    ADD CONSTRAINT rechnung_zahlungsziel_pkey PRIMARY KEY (id);


--
-- TOC entry 242 (OID 11646891)
-- Name: auftrag_label_pkey; Type: CONSTRAINT; Schema: public; Owner: jacek
--

ALTER TABLE ONLY auftrag_label
    ADD CONSTRAINT auftrag_label_pkey PRIMARY KEY (alid);


--
-- TOC entry 240 (OID 11646893)
-- Name: auftrag_label_bezeichnung_key; Type: CONSTRAINT; Schema: public; Owner: jacek
--

ALTER TABLE ONLY auftrag_label
    ADD CONSTRAINT auftrag_label_bezeichnung_key UNIQUE (bezeichnung);


--
-- TOC entry 241 (OID 11646895)
-- Name: auftrag_label_kurz_key; Type: CONSTRAINT; Schema: public; Owner: jacek
--

ALTER TABLE ONLY auftrag_label
    ADD CONSTRAINT auftrag_label_kurz_key UNIQUE (kurz);


--
-- TOC entry 310 (OID 11646899)
-- Name: RI_ConstraintTrigger_11646899; Type: TRIGGER; Schema: public; Owner: jacek
--

CREATE CONSTRAINT TRIGGER "<unnamed>"
    AFTER INSERT OR UPDATE ON rechnungentry
    FROM rechnung
    NOT DEFERRABLE INITIALLY IMMEDIATE
    FOR EACH ROW
    EXECUTE PROCEDURE "RI_FKey_check_ins" ('<unnamed>', 'rechnungentry', 'rechnung', 'UNSPECIFIED', 'rngid', 'rngid');


--
-- TOC entry 311 (OID 11646900)
-- Name: RI_ConstraintTrigger_11646900; Type: TRIGGER; Schema: public; Owner: jacek
--

CREATE CONSTRAINT TRIGGER "<unnamed>"
    AFTER INSERT OR UPDATE ON rechnungentry
    FROM lieferschein
    NOT DEFERRABLE INITIALLY IMMEDIATE
    FOR EACH ROW
    EXECUTE PROCEDURE "RI_FKey_check_ins" ('<unnamed>', 'rechnungentry', 'lieferschein', 'UNSPECIFIED', 'lfrsid', 'lfrsid');


--
-- TOC entry 312 (OID 11646901)
-- Name: RI_ConstraintTrigger_11646901; Type: TRIGGER; Schema: public; Owner: jacek
--

CREATE CONSTRAINT TRIGGER "<unnamed>"
    AFTER UPDATE ON prod_instanz
    FROM prod_changejournal
    NOT DEFERRABLE INITIALLY IMMEDIATE
    FOR EACH ROW
    EXECUTE PROCEDURE "RI_FKey_noaction_upd" ('<unnamed>', 'prod_changejournal', 'prod_instanz', 'UNSPECIFIED', 'insid', 'insid');


--
-- TOC entry 313 (OID 11646902)
-- Name: RI_ConstraintTrigger_11646902; Type: TRIGGER; Schema: public; Owner: jacek
--

CREATE CONSTRAINT TRIGGER "<unnamed>"
    AFTER DELETE ON prod_instanz
    FROM prod_changejournal
    NOT DEFERRABLE INITIALLY IMMEDIATE
    FOR EACH ROW
    EXECUTE PROCEDURE "RI_FKey_noaction_del" ('<unnamed>', 'prod_changejournal', 'prod_instanz', 'UNSPECIFIED', 'insid', 'insid');


--
-- TOC entry 314 (OID 11646903)
-- Name: RI_ConstraintTrigger_11646903; Type: TRIGGER; Schema: public; Owner: jacek
--

CREATE CONSTRAINT TRIGGER "<unnamed>"
    AFTER DELETE ON prod_instanz
    FROM prod_changejournal
    NOT DEFERRABLE INITIALLY IMMEDIATE
    FOR EACH ROW
    EXECUTE PROCEDURE "RI_FKey_noaction_del" ('<unnamed>', 'prod_changejournal', 'prod_instanz', 'UNSPECIFIED', 'insid', 'insid');


--
-- TOC entry 315 (OID 11646904)
-- Name: RI_ConstraintTrigger_11646904; Type: TRIGGER; Schema: public; Owner: jacek
--

CREATE CONSTRAINT TRIGGER "<unnamed>"
    AFTER UPDATE ON prod_instanz
    FROM prod_changejournal
    NOT DEFERRABLE INITIALLY IMMEDIATE
    FOR EACH ROW
    EXECUTE PROCEDURE "RI_FKey_noaction_upd" ('<unnamed>', 'prod_changejournal', 'prod_instanz', 'UNSPECIFIED', 'insid', 'insid');


--
-- TOC entry 318 (OID 11646909)
-- Name: RI_ConstraintTrigger_11646909; Type: TRIGGER; Schema: public; Owner: jacek
--

CREATE CONSTRAINT TRIGGER "<unnamed>"
    AFTER INSERT OR UPDATE ON lkz_sprache
    FROM ku_land
    NOT DEFERRABLE INITIALLY IMMEDIATE
    FOR EACH ROW
    EXECUTE PROCEDURE "RI_FKey_check_ins" ('<unnamed>', 'lkz_sprache', 'ku_land', 'UNSPECIFIED', 'lkz', 'lkz');


--
-- TOC entry 316 (OID 11646910)
-- Name: RI_ConstraintTrigger_11646910; Type: TRIGGER; Schema: public; Owner: jacek
--

CREATE CONSTRAINT TRIGGER "<unnamed>"
    AFTER DELETE ON ku_land
    FROM lkz_sprache
    NOT DEFERRABLE INITIALLY IMMEDIATE
    FOR EACH ROW
    EXECUTE PROCEDURE "RI_FKey_noaction_del" ('<unnamed>', 'lkz_sprache', 'ku_land', 'UNSPECIFIED', 'lkz', 'lkz');


--
-- TOC entry 317 (OID 11646911)
-- Name: RI_ConstraintTrigger_11646911; Type: TRIGGER; Schema: public; Owner: jacek
--

CREATE CONSTRAINT TRIGGER "<unnamed>"
    AFTER UPDATE ON ku_land
    FROM lkz_sprache
    NOT DEFERRABLE INITIALLY IMMEDIATE
    FOR EACH ROW
    EXECUTE PROCEDURE "RI_FKey_noaction_upd" ('<unnamed>', 'lkz_sprache', 'ku_land', 'UNSPECIFIED', 'lkz', 'lkz');


--
-- TOC entry 319 (OID 11646915)
-- Name: RI_ConstraintTrigger_11646915; Type: TRIGGER; Schema: public; Owner: jacek
--

CREATE CONSTRAINT TRIGGER "<unnamed>"
    AFTER INSERT OR UPDATE ON text_bausteine
    FROM sprache
    NOT DEFERRABLE INITIALLY IMMEDIATE
    FOR EACH ROW
    EXECUTE PROCEDURE "RI_FKey_check_ins" ('<unnamed>', 'text_bausteine', 'sprache', 'UNSPECIFIED', 'sprid', 'sprid');


--
-- TOC entry 322 (OID 11646916)
-- Name: RI_ConstraintTrigger_11646916; Type: TRIGGER; Schema: public; Owner: jacek
--

CREATE CONSTRAINT TRIGGER "<unnamed>"
    AFTER INSERT OR UPDATE ON prov_verkaeufer
    FROM kunden
    NOT DEFERRABLE INITIALLY IMMEDIATE
    FOR EACH ROW
    EXECUTE PROCEDURE "RI_FKey_check_ins" ('<unnamed>', 'prov_verkaeufer', 'kunden', 'UNSPECIFIED', 'verknr', 'kundennr');


--
-- TOC entry 323 (OID 11646917)
-- Name: RI_ConstraintTrigger_11646917; Type: TRIGGER; Schema: public; Owner: jacek
--

CREATE CONSTRAINT TRIGGER "<unnamed>"
    AFTER INSERT OR UPDATE ON prov_verkaeufer
    FROM kunden
    NOT DEFERRABLE INITIALLY IMMEDIATE
    FOR EACH ROW
    EXECUTE PROCEDURE "RI_FKey_check_ins" ('<unnamed>', 'prov_verkaeufer', 'kunden', 'UNSPECIFIED', 'kundennr', 'kundennr');


--
-- TOC entry 324 (OID 11646918)
-- Name: RI_ConstraintTrigger_11646918; Type: TRIGGER; Schema: public; Owner: jacek
--

CREATE CONSTRAINT TRIGGER "$1"
    AFTER INSERT OR UPDATE ON prov_abrechnung
    FROM kunden
    NOT DEFERRABLE INITIALLY IMMEDIATE
    FOR EACH ROW
    EXECUTE PROCEDURE "RI_FKey_check_ins" ('$1', 'prov_abrechnung', 'kunden', 'UNSPECIFIED', 'verknr', 'kundennr');


--
-- TOC entry 325 (OID 11646919)
-- Name: RI_ConstraintTrigger_11646919; Type: TRIGGER; Schema: public; Owner: jacek
--

CREATE CONSTRAINT TRIGGER "<unnamed>"
    AFTER INSERT OR UPDATE ON prov_abrechnung
    FROM ueberweisungen
    NOT DEFERRABLE INITIALLY IMMEDIATE
    FOR EACH ROW
    EXECUTE PROCEDURE "RI_FKey_check_ins" ('<unnamed>', 'prov_abrechnung', 'ueberweisungen', 'UNSPECIFIED', 'ueberwid', 'id');


--
-- TOC entry 326 (OID 11646920)
-- Name: RI_ConstraintTrigger_11646920; Type: TRIGGER; Schema: public; Owner: jacek
--

CREATE CONSTRAINT TRIGGER "<unnamed>"
    AFTER INSERT OR UPDATE ON prov_entry
    FROM rechnung
    NOT DEFERRABLE INITIALLY IMMEDIATE
    FOR EACH ROW
    EXECUTE PROCEDURE "RI_FKey_check_ins" ('<unnamed>', 'prov_entry', 'rechnung', 'UNSPECIFIED', 'rngid', 'rngid');


--
-- TOC entry 327 (OID 11646921)
-- Name: RI_ConstraintTrigger_11646921; Type: TRIGGER; Schema: public; Owner: jacek
--

CREATE CONSTRAINT TRIGGER "$2"
    AFTER INSERT OR UPDATE ON prov_config
    FROM kunden
    NOT DEFERRABLE INITIALLY IMMEDIATE
    FOR EACH ROW
    EXECUTE PROCEDURE "RI_FKey_check_ins" ('$2', 'prov_config', 'kunden', 'UNSPECIFIED', 'kundennr', 'kundennr');


--
-- TOC entry 320 (OID 11646922)
-- Name: RI_ConstraintTrigger_11646922; Type: TRIGGER; Schema: public; Owner: jacek
--

CREATE CONSTRAINT TRIGGER "$2"
    AFTER DELETE ON kunden
    FROM prov_config
    NOT DEFERRABLE INITIALLY IMMEDIATE
    FOR EACH ROW
    EXECUTE PROCEDURE "RI_FKey_noaction_del" ('$2', 'prov_config', 'kunden', 'UNSPECIFIED', 'kundennr', 'kundennr');


--
-- TOC entry 321 (OID 11646923)
-- Name: RI_ConstraintTrigger_11646923; Type: TRIGGER; Schema: public; Owner: jacek
--

CREATE CONSTRAINT TRIGGER "$2"
    AFTER UPDATE ON kunden
    FROM prov_config
    NOT DEFERRABLE INITIALLY IMMEDIATE
    FOR EACH ROW
    EXECUTE PROCEDURE "RI_FKey_noaction_upd" ('$2', 'prov_config', 'kunden', 'UNSPECIFIED', 'kundennr', 'kundennr');


--
-- TOC entry 330 (OID 11646924)
-- Name: RI_ConstraintTrigger_11646924; Type: TRIGGER; Schema: public; Owner: jacek
--

CREATE CONSTRAINT TRIGGER "$1"
    AFTER INSERT OR UPDATE ON buchung
    FROM buchjournal
    NOT DEFERRABLE INITIALLY IMMEDIATE
    FOR EACH ROW
    EXECUTE PROCEDURE "RI_FKey_check_ins" ('$1', 'buchung', 'buchjournal', 'UNSPECIFIED', 'jnr', 'nr');


--
-- TOC entry 328 (OID 11646925)
-- Name: RI_ConstraintTrigger_11646925; Type: TRIGGER; Schema: public; Owner: jacek
--

CREATE CONSTRAINT TRIGGER "$1"
    AFTER DELETE ON buchjournal
    FROM buchung
    NOT DEFERRABLE INITIALLY IMMEDIATE
    FOR EACH ROW
    EXECUTE PROCEDURE "RI_FKey_noaction_del" ('$1', 'buchung', 'buchjournal', 'UNSPECIFIED', 'jnr', 'nr');


--
-- TOC entry 329 (OID 11646926)
-- Name: RI_ConstraintTrigger_11646926; Type: TRIGGER; Schema: public; Owner: jacek
--

CREATE CONSTRAINT TRIGGER "$1"
    AFTER UPDATE ON buchjournal
    FROM buchung
    NOT DEFERRABLE INITIALLY IMMEDIATE
    FOR EACH ROW
    EXECUTE PROCEDURE "RI_FKey_noaction_upd" ('$1', 'buchung', 'buchjournal', 'UNSPECIFIED', 'jnr', 'nr');


--
-- TOC entry 331 (OID 11646927)
-- Name: RI_ConstraintTrigger_11646927; Type: TRIGGER; Schema: public; Owner: jacek
--

CREATE CONSTRAINT TRIGGER chjour_constr
    AFTER UPDATE ON auftragentry
    FROM prod_changejournal
    NOT DEFERRABLE INITIALLY IMMEDIATE
    FOR EACH ROW
    EXECUTE PROCEDURE "RI_FKey_noaction_upd" ('chjour_constr', 'prod_changejournal', 'auftragentry', 'UNSPECIFIED', 'auftragid', 'auftragid', 'auftragzeile', 'zeilennr');


--
-- TOC entry 332 (OID 11646928)
-- Name: RI_ConstraintTrigger_11646928; Type: TRIGGER; Schema: public; Owner: jacek
--

CREATE CONSTRAINT TRIGGER chjour_constr
    AFTER DELETE ON auftragentry
    FROM prod_changejournal
    NOT DEFERRABLE INITIALLY IMMEDIATE
    FOR EACH ROW
    EXECUTE PROCEDURE "RI_FKey_noaction_del" ('chjour_constr', 'prod_changejournal', 'auftragentry', 'UNSPECIFIED', 'auftragid', 'auftragid', 'auftragzeile', 'zeilennr');


--
-- TOC entry 333 (OID 11646929)
-- Name: RI_ConstraintTrigger_11646929; Type: TRIGGER; Schema: public; Owner: jacek
--

CREATE CONSTRAINT TRIGGER "<unnamed>"
    AFTER INSERT OR UPDATE ON prod_changejournal
    FROM prod_instanz
    NOT DEFERRABLE INITIALLY IMMEDIATE
    FOR EACH ROW
    EXECUTE PROCEDURE "RI_FKey_check_ins" ('<unnamed>', 'prod_changejournal', 'prod_instanz', 'UNSPECIFIED', 'insid', 'insid');


--
-- TOC entry 334 (OID 11646930)
-- Name: RI_ConstraintTrigger_11646930; Type: TRIGGER; Schema: public; Owner: jacek
--

CREATE CONSTRAINT TRIGGER "<unnamed>"
    AFTER INSERT OR UPDATE ON ausland_bankverbindung
    FROM kunden
    NOT DEFERRABLE INITIALLY IMMEDIATE
    FOR EACH ROW
    EXECUTE PROCEDURE "RI_FKey_check_ins" ('<unnamed>', 'ausland_bankverbindung', 'kunden', 'UNSPECIFIED', 'kundennr', 'kundennr');


--
-- TOC entry 335 (OID 11646931)
-- Name: RI_ConstraintTrigger_11646931; Type: TRIGGER; Schema: public; Owner: jacek
--

CREATE CONSTRAINT TRIGGER "<unnamed>"
    AFTER INSERT OR UPDATE ON ku_gruppen_map
    FROM kunden
    NOT DEFERRABLE INITIALLY IMMEDIATE
    FOR EACH ROW
    EXECUTE PROCEDURE "RI_FKey_check_ins" ('<unnamed>', 'ku_gruppen_map', 'kunden', 'UNSPECIFIED', 'kundennr', 'kundennr');


--
-- TOC entry 336 (OID 11646932)
-- Name: RI_ConstraintTrigger_11646932; Type: TRIGGER; Schema: public; Owner: jacek
--

CREATE CONSTRAINT TRIGGER "<unnamed>"
    AFTER INSERT OR UPDATE ON ku_gruppen_map
    FROM ku_gruppe
    NOT DEFERRABLE INITIALLY IMMEDIATE
    FOR EACH ROW
    EXECUTE PROCEDURE "RI_FKey_check_ins" ('<unnamed>', 'ku_gruppen_map', 'ku_gruppe', 'UNSPECIFIED', 'grpnr', 'grpnr');


--
-- TOC entry 337 (OID 11646933)
-- Name: RI_ConstraintTrigger_11646933; Type: TRIGGER; Schema: public; Owner: jacek
--

CREATE CONSTRAINT TRIGGER "<unnamed>"
    AFTER DELETE ON lieferschein
    FROM lieferscheinentry
    NOT DEFERRABLE INITIALLY IMMEDIATE
    FOR EACH ROW
    EXECUTE PROCEDURE "RI_FKey_cascade_del" ('<unnamed>', 'lieferscheinentry', 'lieferschein', 'UNSPECIFIED', 'lfrsid', 'lfrsid');


--
-- TOC entry 338 (OID 11646934)
-- Name: RI_ConstraintTrigger_11646934; Type: TRIGGER; Schema: public; Owner: jacek
--

CREATE CONSTRAINT TRIGGER "<unnamed>"
    AFTER UPDATE ON lieferschein
    FROM lieferscheinentry
    NOT DEFERRABLE INITIALLY IMMEDIATE
    FOR EACH ROW
    EXECUTE PROCEDURE "RI_FKey_noaction_upd" ('<unnamed>', 'lieferscheinentry', 'lieferschein', 'UNSPECIFIED', 'lfrsid', 'lfrsid');


--
-- TOC entry 339 (OID 11646935)
-- Name: RI_ConstraintTrigger_11646935; Type: TRIGGER; Schema: public; Owner: jacek
--

CREATE CONSTRAINT TRIGGER "<unnamed>"
    AFTER INSERT OR UPDATE ON lieferscheinentry
    FROM auftrag
    NOT DEFERRABLE INITIALLY IMMEDIATE
    FOR EACH ROW
    EXECUTE PROCEDURE "RI_FKey_check_ins" ('<unnamed>', 'lieferscheinentry', 'auftrag', 'UNSPECIFIED', 'refauftragid', 'auftragid');


--
-- TOC entry 341 (OID 11646937)
-- Name: rule_insert_inland_preise; Type: RULE; Schema: public; Owner: jacek
--

CREATE RULE rule_insert_inland_preise AS ON INSERT TO artikelpreise_inland DO INSTEAD INSERT INTO artikelpreise (artikelid, kundennr, preis, preismenge, waehrung, mindestmenge) SELECT new.artikelid, new.kundennr, new.preis, new.preismenge, new.waehrung, new.mindestmenge WHERE (new.kundennr = ANY (SELECT ku_preisliste.prlsnr FROM ku_preisliste WHERE (ku_preisliste.tablename_gruppe = ('inland'::bpchar)::text)));


--
-- TOC entry 342 (OID 11646938)
-- Name: rule_delete_inland_preise; Type: RULE; Schema: public; Owner: jacek
--

CREATE RULE rule_delete_inland_preise AS ON DELETE TO artikelpreise_inland DO INSTEAD DELETE FROM artikelpreise WHERE (((artikelpreise.mindestmenge = old.mindestmenge) AND (artikelpreise.artikelid = old.artikelid)) AND (artikelpreise.kundennr = ANY (SELECT ku_preisliste.prlsnr FROM ku_preisliste WHERE ((ku_preisliste.tablename_gruppe = 'inland'::text) AND (ku_preisliste.prlsnr = old.kundennr)))));


--
-- TOC entry 343 (OID 11646939)
-- Name: rule_update_inland_preise; Type: RULE; Schema: public; Owner: jacek
--

CREATE RULE rule_update_inland_preise AS ON UPDATE TO artikelpreise_inland DO INSTEAD UPDATE artikelpreise SET preis = new.preis, preismenge = new.preismenge, waehrung = new.waehrung, mindestmenge = new.mindestmenge WHERE (((artikelpreise.mindestmenge = old.mindestmenge) AND (artikelpreise.artikelid = old.artikelid)) AND (artikelpreise.kundennr = ANY (SELECT ku_preisliste.prlsnr FROM ku_preisliste WHERE ((ku_preisliste.tablename_gruppe = 'inland'::text) AND (ku_preisliste.prlsnr = old.kundennr)))));


--
-- TOC entry 344 (OID 11646940)
-- Name: rule_insert_ausland_preise; Type: RULE; Schema: public; Owner: jacek
--

CREATE RULE rule_insert_ausland_preise AS ON INSERT TO artikelpreise_ausland DO INSTEAD INSERT INTO artikelpreise (artikelid, kundennr, preis, preismenge, waehrung, mindestmenge) SELECT new.artikelid, new.kundennr, new.preis, new.preismenge, new.waehrung, new.mindestmenge WHERE (new.kundennr = ANY (SELECT ku_preisliste.prlsnr FROM ku_preisliste WHERE (ku_preisliste.tablename_gruppe = ('ausland'::bpchar)::text)));


--
-- TOC entry 345 (OID 11646941)
-- Name: rule_update_ausland_preise; Type: RULE; Schema: public; Owner: jacek
--

CREATE RULE rule_update_ausland_preise AS ON UPDATE TO artikelpreise_ausland DO INSTEAD UPDATE artikelpreise SET preis = new.preis, preismenge = new.preismenge, waehrung = new.waehrung, mindestmenge = new.mindestmenge WHERE (((artikelpreise.mindestmenge = old.mindestmenge) AND (artikelpreise.artikelid = old.artikelid)) AND (artikelpreise.kundennr = ANY (SELECT ku_preisliste.prlsnr FROM ku_preisliste WHERE ((ku_preisliste.tablename_gruppe = 'ausland'::text) AND (ku_preisliste.prlsnr = old.kundennr)))));


--
-- TOC entry 346 (OID 11646942)
-- Name: rule_delete_ausland_preise; Type: RULE; Schema: public; Owner: jacek
--

CREATE RULE rule_delete_ausland_preise AS ON DELETE TO artikelpreise_ausland DO INSTEAD DELETE FROM artikelpreise WHERE (((artikelpreise.mindestmenge = old.mindestmenge) AND (artikelpreise.artikelid = old.artikelid)) AND (artikelpreise.kundennr = ANY (SELECT ku_preisliste.prlsnr FROM ku_preisliste WHERE ((ku_preisliste.tablename_gruppe = 'ausland'::text) AND (ku_preisliste.prlsnr = old.kundennr)))));


--
-- TOC entry 347 (OID 11646943)
-- Name: rule_insert_ek_preise; Type: RULE; Schema: public; Owner: jacek
--

CREATE RULE rule_insert_ek_preise AS ON INSERT TO artikelpreise_ek DO INSTEAD INSERT INTO artikelpreise (artikelid, kundennr, preis, preismenge, waehrung, mindestmenge) SELECT new.artikelid, new.kundennr, new.preis, new.preismenge, new.waehrung, new.mindestmenge WHERE (new.kundennr = ANY (SELECT ku_preisliste.prlsnr FROM ku_preisliste WHERE (ku_preisliste.tablename_gruppe = ('ek'::bpchar)::text)));


--
-- TOC entry 348 (OID 11646944)
-- Name: rule_delete_ek_preise; Type: RULE; Schema: public; Owner: jacek
--

CREATE RULE rule_delete_ek_preise AS ON DELETE TO artikelpreise_ek DO INSTEAD DELETE FROM artikelpreise WHERE (((artikelpreise.mindestmenge = old.mindestmenge) AND (artikelpreise.artikelid = old.artikelid)) AND (artikelpreise.kundennr = ANY (SELECT ku_preisliste.prlsnr FROM ku_preisliste WHERE ((ku_preisliste.tablename_gruppe = 'ek'::text) AND (ku_preisliste.prlsnr = old.kundennr)))));


--
-- TOC entry 349 (OID 11646945)
-- Name: rule_update_ek_preise; Type: RULE; Schema: public; Owner: jacek
--

CREATE RULE rule_update_ek_preise AS ON UPDATE TO artikelpreise_ek DO INSTEAD UPDATE artikelpreise SET preis = new.preis, preismenge = new.preismenge, waehrung = new.waehrung, mindestmenge = new.mindestmenge WHERE (((artikelpreise.mindestmenge = old.mindestmenge) AND (artikelpreise.artikelid = old.artikelid)) AND (artikelpreise.kundennr = ANY (SELECT ku_preisliste.prlsnr FROM ku_preisliste WHERE ((ku_preisliste.tablename_gruppe = 'ek'::text) AND (ku_preisliste.prlsnr = old.kundennr)))));


--
-- TOC entry 340 (OID 11646946)
-- Name: ab; Type: RULE; Schema: public; Owner: jacek
--

CREATE RULE ab AS ON INSERT TO artbez_0_1 DO INSTEAD INSERT INTO artikelzusammensetzung (id, prozessid, altartikelid, menge, stand, uid) SELECT b.id, 40, new.id, ((b.aufmachung)::text)::integer AS aufmachung, now() AS now, 1000 FROM artbez_3_1 b WHERE (((b.artikel = new.artikel) AND (b.breite = new.breite)) AND (b.farbe = new.farbe));


--
-- TOC entry 3 (OID 10481152)
-- Name: kunden_seq; Type: SEQUENCE SET; Schema: public; Owner: jacek
--

SELECT pg_catalog.setval ('kunden_seq', 23227, true);


--
-- TOC entry 6 (OID 10481180)
-- Name: banken_bankindex_seq; Type: SEQUENCE SET; Schema: public; Owner: jacek
--

SELECT pg_catalog.setval ('banken_bankindex_seq', 7471, true);


--
-- TOC entry 9 (OID 10481205)
-- Name: artikelbezeichnun_artikelid_seq; Type: SEQUENCE SET; Schema: public; Owner: jacek
--

SELECT pg_catalog.setval ('artikelbezeichnun_artikelid_seq', 57672, true);


--
-- TOC entry 12 (OID 10481229)
-- Name: kunden_personen_persnr_seq; Type: SEQUENCE SET; Schema: public; Owner: jacek
--

SELECT pg_catalog.setval ('kunden_personen_persnr_seq', 262, true);


--
-- TOC entry 15 (OID 10481305)
-- Name: kunden_telefon_telid_seq; Type: SEQUENCE SET; Schema: public; Owner: jacek
--

SELECT pg_catalog.setval ('kunden_telefon_telid_seq', 1651, true);


--
-- TOC entry 18 (OID 10481353)
-- Name: prod_changejournal_chid_seq; Type: SEQUENCE SET; Schema: public; Owner: jacek
--

SELECT pg_catalog.setval ('prod_changejournal_chid_seq', 111760, true);


--
-- TOC entry 21 (OID 10481370)
-- Name: LKZ_Sprache_ID_seq; Type: SEQUENCE SET; Schema: public; Owner: jacek
--

SELECT pg_catalog.setval ('"LKZ_Sprache_ID_seq"', 1, false);


--
-- TOC entry 23 (OID 10481579)
-- Name: zeilennr_seq; Type: SEQUENCE SET; Schema: public; Owner: jacek
--

SELECT pg_catalog.setval ('zeilennr_seq', 430, true);


--
-- TOC entry 25 (OID 10481661)
-- Name: ueberweisung_seq; Type: SEQUENCE SET; Schema: public; Owner: jacek
--

SELECT pg_catalog.setval ('ueberweisung_seq', 209, true);


--
-- TOC entry 28 (OID 10481692)
-- Name: buchjournal_nr_seq; Type: SEQUENCE SET; Schema: public; Owner: jacek
--

SELECT pg_catalog.setval ('buchjournal_nr_seq', 1, true);


--
-- TOC entry 30 (OID 10481698)
-- Name: buchung_nr_seq; Type: SEQUENCE SET; Schema: public; Owner: jacek
--

SELECT pg_catalog.setval ('buchung_nr_seq', 2, false);


--
-- TOC entry 33 (OID 10481707)
-- Name: buchung_belegnr; Type: SEQUENCE SET; Schema: public; Owner: jacek
--

SELECT pg_catalog.setval ('buchung_belegnr', 16, true);


--
-- TOC entry 35 (OID 10481724)
-- Name: buchung_id_seq; Type: SEQUENCE SET; Schema: public; Owner: jacek
--

SELECT pg_catalog.setval ('buchung_id_seq', 4806, true);


--
-- TOC entry 38 (OID 10481809)
-- Name: w3statseq; Type: SEQUENCE SET; Schema: public; Owner: jacek
--

SELECT pg_catalog.setval ('w3statseq', 8, true);


